dia_semana;uf;br;municipio;causa_acidente;tipo_acidente;classificacao_acidente;fase_dia;condicao_metereologica;pessoas;mortos;feridos;veiculos
domingo;SC;101;SANGAO;Condutor Dormindo;Saida de leito carrocavel;Com Vitimas Feridas;Pleno dia;Sol;1;0;1;1
domingo;SC;101;PORTO BELO;Reacao tardia ou ineficiente do condutor;Colisao lateral mesmo sentido;Com Vitimas Feridas;Pleno dia;Nublado;2;0;1;2
domingo;SC;282;PALHOCA;Acessar a via sem observar a presenca dos outros veiculos;Colisao transversal;Com Vitimas Feridas;Pleno dia;Ceu Claro;2;0;2;2
domingo;SC;470;RIO DO SUL;Ausencia de reacao do condutor;Tombamento;Com Vitimas Feridas;Pleno dia;Nublado;2;0;2;1
domingo;SC;470;TROMBUDO CENTRAL;Velocidade Incompativel;Colisao frontal;Com Vitimas Feridas;Pleno dia;Nublado;5;0;4;2
domingo;SC;101;ARAQUARI;Frear bruscamente;Colisao traseira;Com Vitimas Feridas;Pleno dia;Sol;3;0;2;2
domingo;SC;470;APIUNA;Ingestao de alcool pelo condutor;Colisao lateral;Com Vitimas Feridas;Pleno dia;Nublado;5;0;5;2
domingo;SC;101;BIGUACU;Velocidade Incompativel;Colisao lateral;Com Vitimas Feridas;Pleno dia;Chuva;3;0;1;2
domingo;SC;101;SAO JOSE;Pedestre cruzava a pista fora da faixa;Atropelamento de Pedestre;Com Vitimas Fatais;Pleno dia;Chuva;3;1;0;2
domingo;SC;282;BOCAINA DO SUL;Velocidade Incompativel;Saida de leito carrocavel;Com Vitimas Feridas;Pleno dia;Chuva;1;0;1;1
domingo;SC;280;SAO FRANCISCO DO SUL;Desrespeitar a preferencia no cruzamento;Colisao transversal;Com Vitimas Feridas;Pleno dia;Ceu Claro;2;0;1;2
segunda-feira;SC;101;SAO JOSE;Estacionar ou parar em local proibido;Colisao traseira;Com Vitimas Feridas;Plena Noite;Ceu Claro;4;0;1;3
segunda-feira;SC;101;BALNEARIO CAMBORIU;Ingestao de alcool pelo condutor;Colisao com objeto;Sem Vitimas;Plena Noite;Nublado;1;0;0;1
segunda-feira;SC;101;SAO JOSE;Acumulo de agua sobre o pavimento;Colisao lateral;Com Vitimas Feridas;Amanhecer;Chuva;2;0;1;2
segunda-feira;SC;101;ITAJAI;Acessar a via sem observar a presenca dos outros veiculos;Colisao traseira;Com Vitimas Feridas;Amanhecer;Ceu Claro;2;0;1;2
segunda-feira;SC;101;BALNEARIO CAMBORIU;Condutor deixou de manter distancia do veiculo da frente;Engavetamento;Com Vitimas Feridas;Pleno dia;Chuva;6;0;1;6
segunda-feira;SC;280;CORUPA;Pista Escorregadia;Colisao lateral sentido oposto;Com Vitimas Feridas;Pleno dia;Garoa/Chuvisco;4;0;1;3
segunda-feira;SC;282;PALHOCA;Reacao tardia ou ineficiente do condutor;Colisao transversal;Com Vitimas Feridas;Pleno dia;Nublado;2;0;1;2
segunda-feira;SC;163;SAO MIGUEL DO OESTE;Manobra de mudanca de faixa;Colisao transversal;Com Vitimas Feridas;Pleno dia;Ceu Claro;2;0;1;2
segunda-feira;SC;280;RIO NEGRINHO;Manobra de mudanca de faixa;Colisao lateral mesmo sentido;Com Vitimas Feridas;Pleno dia;Nublado;2;0;1;2
segunda-feira;SC;280;GUARAMIRIM;Velocidade Incompativel;Atropelamento de Pedestre;Com Vitimas Feridas;Pleno dia;Garoa/Chuvisco;2;0;1;1
sexta-feira;SC;280;ARAQUARI;Velocidade Incompativel;Colisao traseira;Com Vitimas Feridas;Plena Noite;Nublado;3;0;1;2
segunda-feira;SC;101;JOINVILLE;Chuva;Colisao lateral;Sem Vitimas;Anoitecer;Chuva;1;0;0;1
segunda-feira;SC;280;MAFRA;Velocidade Incompativel;Saida de leito carrocavel;Com Vitimas Feridas;Pleno dia;Chuva;1;0;1;1
segunda-feira;SC;116;MAFRA;Ausencia de reacao do condutor;Colisao frontal;Com Vitimas Feridas;Anoitecer;Chuva;3;0;1;2
segunda-feira;SC;280;IRINEOPOLIS;Pedestre andava na pista;Atropelamento de Pedestre;Com Vitimas Feridas;Plena Noite;Chuva;2;0;1;1
segunda-feira;SC;101;SAO JOSE;Reacao tardia ou ineficiente do condutor;Colisao traseira;Com Vitimas Feridas;Anoitecer;Garoa/Chuvisco;2;0;1;2
segunda-feira;SC;101;ITAPEMA;Condutor deixou de manter distancia do veiculo da frente;Colisao traseira;Com Vitimas Feridas;Plena Noite;Chuva;2;0;1;2
terca-feira;SC;282;LAGES;Ingestao de alcool pelo condutor;Saida de leito carrocavel;Sem Vitimas;Plena Noite;Ceu Claro;1;0;0;1
segunda-feira;SC;282;IRACEMINHA;Reacao tardia ou ineficiente do condutor;Tombamento;Com Vitimas Feridas;Plena Noite;Ceu Claro;2;0;1;1
sabado;SC;470;INDAIAL;Ingestao de alcool pelo condutor;Colisao frontal;Com Vitimas Feridas;Plena Noite;Ceu Claro;2;0;1;2
terca-feira;SC;101;ITAJAI;Trafegar com motocicleta (ou similar) entre as faixas;Queda de ocupante de veiculo;Com Vitimas Feridas;Pleno dia;Chuva;1;0;1;1
terca-feira;SC;101;ARAQUARI;Velocidade Incompativel;Saida de leito carrocavel;Com Vitimas Feridas;Pleno dia;Chuva;1;0;1;1
terca-feira;SC;101;BALNEARIO CAMBORIU;Manobra de mudanca de faixa;Colisao lateral mesmo sentido;Sem Vitimas;Pleno dia;Ceu Claro;3;0;0;3
terca-feira;SC;470;BLUMENAU;Desrespeitar a preferencia no cruzamento;Colisao transversal;Com Vitimas Feridas;Pleno dia;Nublado;2;0;2;2
terca-feira;SC;101;ITAJAI;Condutor deixou de manter distancia do veiculo da frente;Colisao traseira;Com Vitimas Feridas;Pleno dia;Nublado;4;0;1;2
terca-feira;SC;101;PAULO LOPES;Reacao tardia ou ineficiente do condutor;Colisao traseira;Com Vitimas Feridas;Pleno dia;Chuva;2;0;1;2
terca-feira;SC;101;SAO JOSE;Acessar a via sem observar a presenca dos outros veiculos;Colisao transversal;Com Vitimas Feridas;Pleno dia;Nublado;2;0;1;2
terca-feira;SC;470;RIO DO SUL;Condutor deixou de manter distancia do veiculo da frente;Colisao traseira;Com Vitimas Feridas;Pleno dia;Chuva;3;0;1;2
terca-feira;SC;280;RIO NEGRINHO;Pedestre cruzava a pista fora da faixa;Atropelamento de Pedestre;Com Vitimas Feridas;Anoitecer;Garoa/Chuvisco;2;0;1;1
terca-feira;SC;282;FLORIANOPOLIS;Condutor deixou de manter distancia do veiculo da frente;Colisao traseira;Com Vitimas Feridas;Plena Noite;Chuva;2;0;1;2
terca-feira;SC;101;BALNEARIO CAMBORIU;Velocidade Incompativel;Colisao com objeto;Sem Vitimas;Plena Noite;Chuva;1;0;0;1
terca-feira;SC;101;BIGUACU;Condutor deixou de manter distancia do veiculo da frente;Colisao lateral mesmo sentido;Sem Vitimas;Plena Noite;Chuva;2;0;0;2
terca-feira;SC;282;IRACEMINHA;Velocidade Incompativel;Saida de leito carrocavel;Com Vitimas Feridas;Pleno dia;Chuva;1;0;1;1
terca-feira;SC;101;BIGUACU;Velocidade Incompativel;Colisao com objeto;Sem Vitimas;Plena Noite;Chuva;1;0;0;1
quarta-feira;SC;101;ARAQUARI;Acumulo de agua sobre o pavimento;Colisao com objeto;Com Vitimas Feridas;Plena Noite;Chuva;2;0;1;1
quarta-feira;SC;101;SAO JOSE;Velocidade Incompativel;Queda de ocupante de veiculo;Com Vitimas Feridas;Pleno dia;Chuva;1;0;1;1
quarta-feira;SC;101;SAO JOSE;Avarias e/ou desgaste excessivo no pneu;Colisao lateral mesmo sentido;Com Vitimas Feridas;Pleno dia;Chuva;2;0;1;2
quarta-feira;SC;282;XAXIM;Mal subito do condutor;Saida de leito carrocavel;Com Vitimas Feridas;Pleno dia;Nublado;1;0;1;1
quarta-feira;SC;280;CORUPA;Chuva;Capotamento;Com Vitimas Feridas;Amanhecer;Garoa/Chuvisco;3;0;3;1
quarta-feira;SC;280;RIO NEGRINHO;Reacao tardia ou ineficiente do condutor;Colisao lateral sentido oposto;Com Vitimas Feridas;Pleno dia;Chuva;2;0;1;2
quarta-feira;SC;163;SAO JOSE DO CEDRO;Condutor deixou de manter distancia do veiculo da frente;Colisao traseira;Com Vitimas Feridas;Pleno dia;Chuva;3;0;1;3
quarta-feira;SC;153;IRANI;Desrespeitar a preferencia no cruzamento;Colisao transversal;Com Vitimas Feridas;Pleno dia;Nublado;3;0;2;2
quarta-feira;SC;116;SAO CRISTOVAO DO SUL;Demais falhas mecanicas ou eletricas;Colisao lateral sentido oposto;Com Vitimas Feridas;Pleno dia;Chuva;3;0;1;3
quarta-feira;SC;101;PALHOCA;Chuva;Tombamento;Com Vitimas Feridas;Pleno dia;Chuva;1;0;1;1
quarta-feira;SC;470;INDAIAL;Desrespeitar a preferencia no cruzamento;Colisao transversal;Com Vitimas Feridas;Pleno dia;Garoa/Chuvisco;2;0;1;2
quarta-feira;SC;470;BLUMENAU;Entrada inopinada do pedestre;Atropelamento de Pedestre;Com Vitimas Feridas;Anoitecer;Nublado;2;0;1;1
quarta-feira;SC;101;ITAJAI;Trafegar com motocicleta (ou similar) entre as faixas;Colisao lateral mesmo sentido;Com Vitimas Feridas;Anoitecer;Garoa/Chuvisco;2;0;1;2
quarta-feira;SC;101;SANGAO;Ausencia de reacao do condutor;Colisao traseira;Com Vitimas Feridas;Pleno dia;Nublado;3;0;2;2
quarta-feira;SC;101;BALNEARIO CAMBORIU;Trafegar com motocicleta (ou similar) entre as faixas;Tombamento;Com Vitimas Feridas;Pleno dia;Garoa/Chuvisco;1;0;1;1
quarta-feira;SC;101;PAULO LOPES;Velocidade Incompativel;Saida de leito carrocavel;Com Vitimas Feridas;Anoitecer;Chuva;1;0;1;1
quarta-feira;SC;282;LAGES;Ingestao de alcool pelo condutor;Tombamento;Com Vitimas Feridas;Anoitecer;Garoa/Chuvisco;1;0;1;1
quarta-feira;SC;280;MAFRA;Transitar na contramao;Colisao frontal;Com Vitimas Fatais;Plena Noite;Chuva;3;1;1;2
quarta-feira;SC;101;BIGUACU;Ingestao de alcool pelo condutor;Colisao frontal;Com Vitimas Feridas;Plena Noite;Chuva;2;0;1;2
quinta-feira;SC;101;BIGUACU;Acumulo de agua sobre o pavimento;Tombamento;Com Vitimas Feridas;Plena Noite;Chuva;1;0;1;1
quinta-feira;SC;101;SAO JOSE;Ingestao de alcool pelo condutor;Colisao com objeto;Sem Vitimas;Plena Noite;Garoa/Chuvisco;1;0;0;1
quinta-feira;SC;282;XANXERE;Acumulo de areia ou detritos sobre o pavimento;Tombamento;Com Vitimas Feridas;Amanhecer;Nublado;1;0;1;1
quinta-feira;SC;101;ITAJAI;Acumulo de oleo sobre o pavimento;Tombamento;Com Vitimas Feridas;Amanhecer;Chuva;3;0;2;3
quinta-feira;SC;470;TROMBUDO CENTRAL;Velocidade Incompativel;Colisao frontal;Com Vitimas Feridas;Pleno dia;Chuva;2;0;1;2
quinta-feira;SC;101;SAO JOSE;Manobra de mudanca de faixa;Queda de ocupante de veiculo;Com Vitimas Feridas;Pleno dia;Chuva;1;0;1;1
segunda-feira;SC;470;RIO DO SUL;Condutor deixou de manter distancia do veiculo da frente;Tombamento;Com Vitimas Feridas;Pleno dia;Nublado;1;0;1;1
quinta-feira;SC;101;JOINVILLE;Manobra de mudanca de faixa;Colisao lateral;Com Vitimas Feridas;Pleno dia;Nublado;3;0;1;2
terca-feira;SC;282;HERVAL DOESTE;Velocidade Incompativel;Saida de leito carrocavel;Com Vitimas Feridas;Pleno dia;Chuva;2;0;2;1
quinta-feira;SC;101;ITAJAI;Condutor deixou de manter distancia do veiculo da frente;Colisao traseira;Com Vitimas Feridas;Pleno dia;Chuva;2;0;1;2
quinta-feira;SC;101;TUBARAO;Manobra de mudanca de faixa;Colisao lateral;Com Vitimas Feridas;Pleno dia;Chuva;2;0;1;2
quinta-feira;SC;470;BLUMENAU;Ausencia de reacao do condutor;Colisao traseira;Com Vitimas Feridas;Pleno dia;Chuva;3;0;1;3
quinta-feira;SC;101;SAO JOSE;Condutor deixou de manter distancia do veiculo da frente;Colisao traseira;Com Vitimas Feridas;Pleno dia;Chuva;3;0;1;3
quinta-feira;SC;282;RANCHO QUEIMADO;Velocidade Incompativel;Colisao transversal;Com Vitimas Feridas;Pleno dia;Chuva;4;0;4;2
quinta-feira;SC;280;ARAQUARI;Ingestao de alcool pelo condutor;Colisao com objeto;Com Vitimas Feridas;Plena Noite;Garoa/Chuvisco;4;0;4;2
quinta-feira;SC;282;VARGEM;Velocidade Incompativel;Saida de leito carrocavel;Com Vitimas Feridas;Anoitecer;Chuva;1;0;1;1
quinta-feira;SC;282;VARGEM;Pista Escorregadia;Saida de leito carrocavel;Com Vitimas Feridas;Pleno dia;Chuva;3;0;3;1
quinta-feira;SC;101;SAO JOSE;Condutor deixou de manter distancia do veiculo da frente;Queda de ocupante de veiculo;Com Vitimas Feridas;Pleno dia;Nublado;1;0;1;1
sexta-feira;SC;101;ITAJAI;Ingestao de alcool pelo condutor;Colisao com objeto;Sem Vitimas;Plena Noite;Garoa/Chuvisco;1;0;0;1
sexta-feira;SC;101;PALHOCA;Velocidade Incompativel;Colisao com objeto;Sem Vitimas;Plena Noite;Garoa/Chuvisco;1;0;0;1
sexta-feira;SC;101;GARUVA;Velocidade Incompativel;Tombamento;Com Vitimas Feridas;Plena Noite;Chuva;1;0;1;1
sexta-feira;SC;470;POUSO REDONDO;Velocidade Incompativel;Colisao frontal;Com Vitimas Feridas;Pleno dia;Chuva;5;0;2;5
sexta-feira;SC;470;SAO CRISTOVAO DO SUL;Condutor deixou de manter distancia do veiculo da frente;Colisao traseira;Sem Vitimas;Pleno dia;Chuva;2;0;0;2
sexta-feira;SC;101;BALNEARIO CAMBORIU;Reacao tardia ou ineficiente do condutor;Colisao com objeto;Com Vitimas Feridas;Pleno dia;Chuva;3;0;3;1
sexta-feira;SC;101;ITAJAI;Trafegar com motocicleta (ou similar) entre as faixas;Colisao lateral;Com Vitimas Feridas;Pleno dia;Chuva;2;0;1;2
sexta-feira;SC;470;SAO CRISTOVAO DO SUL;Chuva;Capotamento;Com Vitimas Feridas;Pleno dia;Chuva;1;0;1;1
sexta-feira;SC;280;RIO NEGRINHO;Ingestao de alcool pelo condutor;Colisao transversal;Com Vitimas Feridas;Anoitecer;Garoa/Chuvisco;3;0;2;2
sexta-feira;SC;101;TREZE DE MAIO;Iluminacao deficiente;Colisao traseira;Com Vitimas Feridas;Plena Noite;Ceu Claro;2;0;1;2
sexta-feira;SC;101;BALNEARIO CAMBORIU;Pista Escorregadia;Tombamento;Com Vitimas Feridas;Plena Noite;Nublado;1;0;1;1
sexta-feira;SC;116;PONTE ALTA;Velocidade Incompativel;Capotamento;Com Vitimas Feridas;Pleno dia;Chuva;2;0;2;1
sabado;SC;101;SAO JOSE;Transitar na contramao;Colisao frontal;Com Vitimas Feridas;Plena Noite;Chuva;2;0;2;2
sabado;SC;101;BALNEARIO CAMBORIU;Ingestao de alcool pelo condutor;Colisao com objeto;Com Vitimas Feridas;Plena Noite;Chuva;2;0;1;1
sabado;SC;101;SAO JOSE;Ingestao de alcool pelo condutor;Colisao com objeto;Sem Vitimas;Plena Noite;Chuva;1;0;0;1
sabado;SC;101;PALHOCA;Entrada inopinada do pedestre;Atropelamento de Pedestre;Com Vitimas Feridas;Plena Noite;Chuva;2;0;1;1
sabado;SC;101;PORTO BELO;Condutor deixou de manter distancia do veiculo da frente;Engavetamento;Com Vitimas Feridas;Plena Noite;Garoa/Chuvisco;3;0;1;3
sabado;SC;101;PALHOCA;Velocidade Incompativel;Saida de leito carrocavel;Sem Vitimas;Plena Noite;Chuva;1;0;0;1
sabado;SC;101;ITAPEMA;Desrespeitar a preferencia no cruzamento;Colisao transversal;Com Vitimas Feridas;Pleno dia;Chuva;2;0;1;2
sabado;SC;101;ITAJAI;Acessar a via sem observar a presenca dos outros veiculos;Atropelamento de Pedestre;Com Vitimas Feridas;Pleno dia;Nublado;2;0;1;1
sabado;SC;101;SAO JOSE;Manobra de mudanca de faixa;Colisao lateral;Com Vitimas Feridas;Pleno dia;Chuva;2;0;1;2
sabado;SC;101;BALNEARIO CAMBORIU;Transitar na contramao;Colisao frontal;Com Vitimas Feridas;Pleno dia;Nublado;2;0;1;2
sabado;SC;280;GUARAMIRIM;Trafegar com motocicleta (ou similar) entre as faixas;Colisao transversal;Com Vitimas Feridas;Pleno dia;Nublado;2;0;1;2
sabado;SC;101;PALHOCA;Demais falhas mecanicas ou eletricas;Tombamento;Com Vitimas Feridas;Pleno dia;Garoa/Chuvisco;2;0;2;1
sabado;SC;101;BIGUACU;Pista Escorregadia;Tombamento;Com Vitimas Feridas;Pleno dia;Chuva;2;0;2;1
sabado;SC;101;PALHOCA;Ausencia de reacao do condutor;Colisao lateral;Com Vitimas Feridas;Pleno dia;Chuva;2;0;1;2
sabado;SC;101;GOVERNADOR CELSO RAMOS;Avarias e/ou desgaste excessivo no pneu;Capotamento;Sem Vitimas;Pleno dia;Nublado;1;0;0;1
sabado;SC;101;ITAJAI;Demais falhas mecanicas ou eletricas;Saida de leito carrocavel;Com Vitimas Feridas;Pleno dia;Nublado;1;0;1;1
sabado;SC;101;SOMBRIO;Demais falhas mecanicas ou eletricas;Tombamento;Com Vitimas Feridas;Pleno dia;Nublado;2;0;2;1
sabado;SC;280;CORUPA;Velocidade Incompativel;Saida de leito carrocavel;Com Vitimas Feridas;Pleno dia;Chuva;1;0;1;1
sabado;SC;282;XANXERE;Ingestao de alcool pelo condutor;Colisao frontal;Com Vitimas Feridas;Pleno dia;Sol;3;0;2;2
sabado;SC;280;GUARAMIRIM;Ingestao de alcool pelo condutor;Colisao transversal;Sem Vitimas;Plena Noite;Nublado;4;0;0;2
sabado;SC;163;SAO MIGUEL DO OESTE;Transitar na contramao;Colisao frontal;Com Vitimas Fatais;Plena Noite;Nevoeiro/Neblina;3;1;2;2
domingo;SC;101;SAO JOSE;Ingestao de alcool pelo condutor;Colisao com objeto;Sem Vitimas;Plena Noite;Chuva;1;0;0;1
domingo;SC;101;BIGUACU;Chuva;Colisao com objeto;Com Vitimas Feridas;Plena Noite;Chuva;1;0;1;1
domingo;SC;101;PORTO BELO;Velocidade Incompativel;Colisao com objeto;Sem Vitimas;Plena Noite;Nublado;1;0;0;1
domingo;SC;163;SAO MIGUEL DO OESTE;Ingestao de alcool pelo condutor;Saida de leito carrocavel;Com Vitimas Feridas;Amanhecer;Ceu Claro;2;0;2;1
domingo;SC;101;BALNEARIO CAMBORIU;Condutor deixou de manter distancia do veiculo da frente;Colisao traseira;Sem Vitimas;Amanhecer;Chuva;2;0;0;2
domingo;SC;101;ITAJAI;Ingestao de alcool pelo condutor;Colisao com objeto;Com Vitimas Feridas;Pleno dia;Nublado;1;0;1;1
domingo;SC;101;PALHOCA;Chuva;Colisao com objeto;Com Vitimas Feridas;Pleno dia;Chuva;2;0;2;1
domingo;SC;101;TUBARAO;Velocidade Incompativel;Colisao com objeto;Com Vitimas Feridas;Pleno dia;Chuva;3;0;3;1
domingo;SC;116;CAPAO ALTO;Velocidade Incompativel;Tombamento;Com Vitimas Feridas;Pleno dia;Nublado;1;0;1;1
domingo;SC;282;FLORIANOPOLIS;Velocidade Incompativel;Saida de leito carrocavel;Com Vitimas Feridas;Pleno dia;Chuva;3;0;2;2
domingo;SC;101;LAGUNA;Ingestao de alcool e/ou substancias psicoativas pelo pedestre;Saida de leito carrocavel;Com Vitimas Feridas;Pleno dia;Nublado;3;0;2;1
domingo;SC;101;SAO JOSE;Pista esburacada;Tombamento;Com Vitimas Feridas;Anoitecer;Chuva;1;0;1;1
domingo;SC;101;ITAJAI;Desrespeitar a preferencia no cruzamento;Colisao transversal;Com Vitimas Feridas;Anoitecer;Nublado;2;0;1;2
domingo;SC;282;ERVAL VELHO;Ausencia de reacao do condutor;Saida de leito carrocavel;Com Vitimas Feridas;Pleno dia;Nublado;1;0;1;1
domingo;SC;282;VARGEM;Velocidade Incompativel;Saida de leito carrocavel;Com Vitimas Feridas;Pleno dia;Garoa/Chuvisco;3;0;3;1
domingo;SC;101;TIJUCAS;Ingestao de alcool pelo condutor;Tombamento;Sem Vitimas;Plena Noite;Nublado;1;0;0;1
domingo;SC;470;BLUMENAU;Ingestao de alcool pelo condutor;Colisao com objeto;Sem Vitimas;Plena Noite;Nublado;2;0;0;2
domingo;SC;101;BIGUACU;Velocidade Incompativel;Saida de leito carrocavel;Com Vitimas Feridas;Plena Noite;Chuva;2;0;2;1
domingo;SC;101;SANTA ROSA DO SUL;Reacao tardia ou ineficiente do condutor;Atropelamento de Pedestre;Com Vitimas Feridas;Plena Noite;Nublado;2;0;1;1
segunda-feira;SC;101;ITAJAI;Ingestao de alcool e/ou substancias psicoativas pelo pedestre;Colisao com objeto;Com Vitimas Feridas;Plena Noite;Garoa/Chuvisco;1;0;1;1
segunda-feira;SC;470;BLUMENAU;Ultrapassagem Indevida;Tombamento;Com Vitimas Feridas;Pleno dia;Nublado;2;0;1;2
terca-feira;SC;280;GUARAMIRIM;Chuva;Colisao com objeto;Com Vitimas Feridas;Plena Noite;Chuva;1;0;1;1
segunda-feira;SC;163;SAO MIGUEL DO OESTE;Manobra de mudanca de faixa;Colisao transversal;Com Vitimas Feridas;Pleno dia;Nublado;2;0;2;2
segunda-feira;SC;470;RIO DO SUL;Velocidade Incompativel;Colisao traseira;Com Vitimas Feridas;Pleno dia;Chuva;2;0;1;2
segunda-feira;SC;470;CAMPOS NOVOS;Ausencia de reacao do condutor;Colisao frontal;Com Vitimas Fatais;Pleno dia;Nublado;2;1;0;2
segunda-feira;SC;101;ITAJAI;Desrespeitar a preferencia no cruzamento;Colisao transversal;Sem Vitimas;Pleno dia;Nublado;2;0;0;2
segunda-feira;SC;101;JOINVILLE;Avarias e/ou desgaste excessivo no pneu;Queda de ocupante de veiculo;Com Vitimas Feridas;Pleno dia;Garoa/Chuvisco;2;0;2;1
segunda-feira;SC;101;TUBARAO;Desrespeitar a preferencia no cruzamento;Colisao transversal;Com Vitimas Feridas;Pleno dia;Nublado;3;0;2;2
segunda-feira;SC;101;SAO JOSE;Chuva;Queda de ocupante de veiculo;Com Vitimas Feridas;Pleno dia;Chuva;1;0;1;1
segunda-feira;SC;470;ASCURRA;Ausencia de reacao do condutor;Tombamento;Com Vitimas Feridas;Pleno dia;Nublado;1;0;1;1
segunda-feira;SC;101;JOINVILLE;Acessar a via sem observar a presenca dos outros veiculos;Colisao transversal;Com Vitimas Feridas;Pleno dia;Chuva;5;0;1;2
segunda-feira;SC;282;IRACEMINHA;Velocidade Incompativel;Saida de leito carrocavel;Com Vitimas Feridas;Pleno dia;Chuva;1;0;1;1
segunda-feira;SC;282;RANCHO QUEIMADO;Velocidade Incompativel;Colisao traseira;Com Vitimas Feridas;Pleno dia;Chuva;3;0;1;2
segunda-feira;SC;116;SANTA CECILIA;Velocidade Incompativel;Saida de leito carrocavel;Com Vitimas Feridas;Pleno dia;Chuva;1;0;1;1
segunda-feira;SC;282;RANCHO QUEIMADO;Pista Escorregadia;Colisao com objeto;Com Vitimas Feridas;Pleno dia;Chuva;1;0;1;1
segunda-feira;SC;470;CURITIBANOS;Velocidade Incompativel;Colisao frontal;Com Vitimas Fatais;Pleno dia;Chuva;3;1;0;2
segunda-feira;SC;282;CATANDUVAS;Chuva;Colisao lateral sentido oposto;Com Vitimas Feridas;Pleno dia;Chuva;2;0;2;2
segunda-feira;SC;101;JAGUARUNA;Condutor deixou de manter distancia do veiculo da frente;Colisao traseira;Com Vitimas Feridas;Pleno dia;Nublado;2;0;1;2
segunda-feira;SC;101;ITAJAI;Desrespeitar a preferencia no cruzamento;Colisao transversal;Com Vitimas Feridas;Plena Noite;Garoa/Chuvisco;2;0;1;2
segunda-feira;SC;116;SANTA CECILIA;Reacao tardia ou ineficiente do condutor;Saida de leito carrocavel;Sem Vitimas;Amanhecer;Chuva;1;0;0;1
segunda-feira;SC;101;IMBITUBA;Reacao tardia ou ineficiente do condutor;Tombamento;Com Vitimas Feridas;Plena Noite;Nublado;1;0;1;1
segunda-feira;SC;470;POUSO REDONDO;Velocidade Incompativel;Saida de leito carrocavel;Com Vitimas Feridas;Plena Noite;Nevoeiro/Neblina;1;0;1;1
segunda-feira;SC;282;PALHOCA;Acessar a via sem observar a presenca dos outros veiculos;Colisao transversal;Com Vitimas Feridas;Plena Noite;Nublado;2;0;2;2
segunda-feira;SC;282;MARAVILHA;Velocidade Incompativel;Saida de leito carrocavel;Com Vitimas Feridas;Pleno dia;Chuva;2;0;2;1
segunda-feira;SC;101;SAO JOSE;Reacao tardia ou ineficiente do condutor;Colisao lateral;Com Vitimas Feridas;Plena Noite;Nublado;2;0;1;2
terca-feira;SC;470;IBIRAMA;Pista esburacada;Tombamento;Com Vitimas Feridas;Plena Noite;Garoa/Chuvisco;1;0;1;1
segunda-feira;SC;116;PAPANDUVA;Pedestre andava na pista;Atropelamento de Pedestre;Com Vitimas Feridas;Plena Noite;Chuva;2;0;1;1
terca-feira;SC;470;BLUMENAU;Ausencia de reacao do condutor;Tombamento;Com Vitimas Feridas;Plena Noite;Nublado;1;0;1;1
terca-feira;SC;101;PALHOCA;Reacao tardia ou ineficiente do condutor;Colisao traseira;Com Vitimas Feridas;Pleno dia;Chuva;3;0;2;2
terca-feira;SC;101;PALHOCA;Velocidade Incompativel;Colisao com objeto;Com Vitimas Feridas;Pleno dia;Chuva;1;0;1;1
terca-feira;SC;470;RODEIO;Condutor deixou de manter distancia do veiculo da frente;Colisao traseira;Com Vitimas Feridas;Pleno dia;Nublado;2;0;1;2
terca-feira;SC;101;BALNEARIO CAMBORIU;Manobra de mudanca de faixa;Colisao lateral mesmo sentido;Com Vitimas Feridas;Pleno dia;Nublado;2;0;1;2
terca-feira;SC;101;ITAJAI;Acumulo de oleo sobre o pavimento;Tombamento;Com Vitimas Feridas;Pleno dia;Nublado;1;0;1;1
terca-feira;SC;470;NAVEGANTES;Retorno proibido;Colisao lateral;Com Vitimas Feridas;Pleno dia;Ceu Claro;2;0;1;2
terca-feira;SC;280;RIO NEGRINHO;Acessar a via sem observar a presenca dos outros veiculos;Colisao transversal;Com Vitimas Feridas;Pleno dia;Nublado;2;0;1;2
terca-feira;SC;101;PESCARIA BRAVA;Ingestao de alcool pelo condutor;Colisao traseira;Sem Vitimas;Plena Noite;Ceu Claro;2;0;0;2
terca-feira;SC;470;INDAIAL;Chuva;Tombamento;Com Vitimas Feridas;Plena Noite;Chuva;2;0;1;2
terca-feira;SC;470;PONTE ALTA;Ultrapassagem Indevida;Colisao lateral;Com Vitimas Feridas;Pleno dia;Nevoeiro/Neblina;2;0;1;2
terca-feira;SC;282;PONTE SERRADA;Ingestao de alcool pelo condutor;Colisao traseira;Com Vitimas Feridas;Pleno dia;Ceu Claro;2;0;1;2
quarta-feira;SC;470;RIO DO SUL;Ingestao de alcool pelo condutor;Colisao frontal;Sem Vitimas;Amanhecer;Nublado;2;0;0;2
quarta-feira;SC;101;JOINVILLE;Condutor deixou de manter distancia do veiculo da frente;Colisao traseira;Com Vitimas Feridas;Pleno dia;Ceu Claro;3;0;1;3
quarta-feira;SC;101;CAPIVARI DE BAIXO;Desrespeitar a preferencia no cruzamento;Colisao transversal;Com Vitimas Feridas;Pleno dia;Nublado;2;0;1;2
quarta-feira;SC;101;ITAJAI;Manobra de mudanca de faixa;Colisao lateral;Sem Vitimas;Pleno dia;Ceu Claro;3;0;0;2
quarta-feira;SC;470;IBIRAMA;Velocidade Incompativel;Saida de leito carrocavel;Sem Vitimas;Pleno dia;Ceu Claro;1;0;0;1
quarta-feira;SC;282;JOACABA;Frear bruscamente;Tombamento;Com Vitimas Feridas;Pleno dia;Chuva;1;0;1;1
quarta-feira;SC;116;PONTE ALTA;Desrespeitar a preferencia no cruzamento;Colisao transversal;Com Vitimas Feridas;Pleno dia;Ceu Claro;5;0;5;2