dia_semana;uf;br;municipio;causa_acidente;tipo_acidente;classificacao_acidente;fase_dia;condicao_metereologica;pessoas;mortos;feridos;veiculos
quarta-feira;SC;101;BALNEARIO CAMBORIU;Acessar a via sem observar a presenca dos outros veiculos;Colisao lateral mesmo sentido;Com Vitimas Feridas;Pleno dia;Nublado;2;0;1;2
quarta-feira;SC;282;NOVA ERECHIM;Reacao tardia ou ineficiente do condutor;Saida de leito carrocavel;Com Vitimas Feridas;Pleno dia;Nublado;1;0;1;1
quarta-feira;SC;101;BALNEARIO CAMBORIU;Acessar a via sem observar a presenca dos outros veiculos;Colisao transversal;Com Vitimas Feridas;Anoitecer;Garoa/Chuvisco;2;0;1;2
quarta-feira;SC;101;IMBITUBA;Transitar na contramao;Colisao frontal;Com Vitimas Feridas;Plena Noite;Nublado;3;0;2;2
quarta-feira;SC;280;GUARAMIRIM;Ingestao de alcool pelo condutor;Colisao frontal;Com Vitimas Feridas;Plena Noite;Garoa/Chuvisco;3;0;2;3
quarta-feira;SC;282;XANXERE;Condutor deixou de manter distancia do veiculo da frente;Colisao traseira;Sem Vitimas;Plena Noite;Chuva;2;0;0;2
quarta-feira;SC;101;SAO JOSE;Manobra de mudanca de faixa;Colisao com objeto;Com Vitimas Feridas;Plena Noite;Nublado;1;0;1;1
quarta-feira;SC;101;IMBITUBA;Pedestre andava na pista;Atropelamento de Pedestre;Com Vitimas Feridas;Plena Noite;Garoa/Chuvisco;2;0;1;1
quarta-feira;SC;280;RIO NEGRINHO;Desrespeitar a preferencia no cruzamento;Colisao transversal;Com Vitimas Feridas;Plena Noite;Garoa/Chuvisco;2;0;1;2
quinta-feira;SC;101;ICARA;Reacao tardia ou ineficiente do condutor;Saida de leito carrocavel;Com Vitimas Feridas;Plena Noite;Nublado;1;0;1;1
quinta-feira;SC;101;NAVEGANTES;Condutor deixou de manter distancia do veiculo da frente;Colisao lateral;Com Vitimas Feridas;Pleno dia;Nublado;2;0;1;2
quinta-feira;SC;480;CHAPECO;Velocidade Incompativel;Colisao com objeto;Com Vitimas Feridas;Pleno dia;Chuva;1;0;1;1
quinta-feira;SC;101;ITAJAI;Transitar no acostamento;Colisao lateral;Com Vitimas Feridas;Pleno dia;Nublado;2;0;1;2
quinta-feira;SC;101;GAROPABA;Condutor Dormindo;Saida de leito carrocavel;Com Vitimas Feridas;Pleno dia;Nublado;5;0;3;1
quinta-feira;SC;282;LAGES;Reacao tardia ou ineficiente do condutor;Colisao traseira;Com Vitimas Feridas;Pleno dia;Nublado;4;0;2;2
quinta-feira;SC;101;BIGUACU;Condutor deixou de manter distancia do veiculo da frente;Colisao traseira;Com Vitimas Feridas;Pleno dia;Nublado;2;0;1;2
quinta-feira;SC;101;MARACAJA;Frear bruscamente;Colisao com objeto;Com Vitimas Feridas;Pleno dia;Chuva;1;0;1;1
quinta-feira;SC;101;BIGUACU;Ingestao de alcool pelo condutor;Colisao frontal;Com Vitimas Feridas;Pleno dia;Ceu Claro;2;0;1;2
quinta-feira;SC;101;BIGUACU;Pedestre andava na pista;Atropelamento de Pedestre;Com Vitimas Feridas;Pleno dia;Sol;2;0;1;1
quinta-feira;SC;282;CAMPOS NOVOS;Velocidade Incompativel;Tombamento;Sem Vitimas;Pleno dia;Nublado;1;0;0;1
quinta-feira;SC;101;CAPIVARI DE BAIXO;Acumulo de agua sobre o pavimento;Colisao com objeto;Com Vitimas Feridas;Anoitecer;Chuva;1;0;1;1
quinta-feira;SC;101;ITAJAI;Demais falhas mecanicas ou eletricas;Derramamento de carga;Sem Vitimas;Plena Noite;Nublado;1;0;0;1
quinta-feira;SC;470;BLUMENAU;Acessar a via sem observar a presenca dos outros veiculos;Colisao transversal;Com Vitimas Feridas;Plena Noite;Garoa/Chuvisco;3;0;1;3
quinta-feira;SC;116;CAPAO ALTO;Velocidade Incompativel;Saida de leito carrocavel;Com Vitimas Feridas;Pleno dia;Chuva;2;0;2;1
quinta-feira;SC;101;ICARA;Chuva;Capotamento;Com Vitimas Feridas;Plena Noite;Chuva;2;0;2;1
quinta-feira;SC;101;GAROPABA;Chuva;Saida de leito carrocavel;Com Vitimas Feridas;Plena Noite;Chuva;1;0;1;1
quinta-feira;SC;280;RIO NEGRINHO;Ingestao de alcool pelo condutor;Colisao com objeto;Sem Vitimas;Plena Noite;Nublado;1;0;0;1
quinta-feira;SC;101;SAO JOSE;Acumulo de agua sobre o pavimento;Queda de ocupante de veiculo;Com Vitimas Feridas;Plena Noite;Chuva;1;0;1;1
quinta-feira;SC;101;IMBITUBA;Ingestao de alcool pelo condutor;Saida de leito carrocavel;Sem Vitimas;Plena Noite;Chuva;1;0;0;1
quinta-feira;SC;470;GASPAR;Demais falhas mecanicas ou eletricas;Saida de leito carrocavel;Com Vitimas Feridas;Plena Noite;Chuva;2;0;2;1
sexta-feira;SC;101;TUBARAO;Ingestao de alcool pelo condutor;Saida de leito carrocavel;Sem Vitimas;Plena Noite;Chuva;1;0;0;1
sexta-feira;SC;282;LAGES;Demais falhas mecanicas ou eletricas;Incendio;Sem Vitimas;Plena Noite;Chuva;1;0;0;1
sexta-feira;SC;480;CHAPECO;Ingestao de alcool pelo condutor;Colisao frontal;Com Vitimas Feridas;Plena Noite;Nublado;2;0;1;2
sexta-feira;SC;101;PENHA;Condutor Dormindo;Saida de leito carrocavel;Com Vitimas Feridas;Plena Noite;Ceu Claro;3;0;3;1
sexta-feira;SC;282;LAGES;Velocidade Incompativel;Capotamento;Com Vitimas Feridas;Plena Noite;Chuva;5;0;1;1
sexta-feira;SC;101;CAPIVARI DE BAIXO;Velocidade Incompativel;Saida de leito carrocavel;Com Vitimas Fatais;Pleno dia;Ceu Claro;4;2;0;2
sexta-feira;SC;101;ARARANGUA;Reacao tardia ou ineficiente do condutor;Colisao traseira;Sem Vitimas;Pleno dia;Sol;2;0;0;2
sexta-feira;SC;282;XANXERE;Velocidade Incompativel;Colisao traseira;Com Vitimas Feridas;Pleno dia;Chuva;2;0;1;2
sexta-feira;SC;282;SAO JOSE;Manobra de mudanca de faixa;Colisao transversal;Com Vitimas Feridas;Pleno dia;Nublado;2;0;1;2
sexta-feira;SC;101;MARACAJA;Condutor deixou de manter distancia do veiculo da frente;Colisao traseira;Com Vitimas Feridas;Pleno dia;Ceu Claro;3;0;3;2
sexta-feira;SC;470;IBIRAMA;Condutor deixou de manter distancia do veiculo da frente;Colisao traseira;Com Vitimas Feridas;Pleno dia;Nublado;3;0;1;2
sexta-feira;SC;101;BALNEARIO PICARRAS;Acessar a via sem observar a presenca dos outros veiculos;Colisao transversal;Com Vitimas Feridas;Pleno dia;Garoa/Chuvisco;3;0;2;2
sexta-feira;SC;101;BIGUACU;Manobra de mudanca de faixa;Colisao lateral;Com Vitimas Feridas;Pleno dia;Nublado;3;0;1;3
sexta-feira;SC;282;JOACABA;Velocidade Incompativel;Capotamento;Com Vitimas Feridas;Pleno dia;Nublado;1;0;1;1
sexta-feira;SC;282;NOVA ITABERABA;Reacao tardia ou ineficiente do condutor;Colisao traseira;Sem Vitimas;Pleno dia;Nublado;2;0;0;2
sexta-feira;SC;282;FLORIANOPOLIS;Demais falhas na via;Queda de ocupante de veiculo;Com Vitimas Feridas;Pleno dia;Ceu Claro;1;0;1;1
sexta-feira;SC;101;ITAPEMA;Objeto estatico sobre o leito carrocavel;Colisao com objeto;Com Vitimas Feridas;Pleno dia;Nublado;2;0;1;2
sexta-feira;SC;101;ITAJAI;Trafegar com motocicleta (ou similar) entre as faixas;Colisao traseira;Com Vitimas Feridas;Plena Noite;Chuva;2;0;1;2
sexta-feira;SC;282;PONTE SERRADA;Acessar a via sem observar a presenca dos outros veiculos;Colisao transversal;Com Vitimas Feridas;Pleno dia;Chuva;4;0;4;2
sexta-feira;SC;101;JOINVILLE;Condutor deixou de manter distancia do veiculo da frente;Colisao lateral;Com Vitimas Feridas;Pleno dia;Nublado;2;0;1;2
sexta-feira;SC;101;BALNEARIO PICARRAS;Trafegar com motocicleta (ou similar) entre as faixas;Colisao lateral mesmo sentido;Com Vitimas Feridas;Anoitecer;Nublado;2;0;1;2
sexta-feira;SC;163;SAO JOSE DO CEDRO;Condutor deixou de manter distancia do veiculo da frente;Colisao traseira;Com Vitimas Feridas;Pleno dia;Ceu Claro;4;0;2;2
sexta-feira;SC;101;SAO JOSE;Avarias e/ou desgaste excessivo no pneu;Queda de ocupante de veiculo;Com Vitimas Feridas;Plena Noite;Garoa/Chuvisco;2;0;1;1
sexta-feira;SC;282;PALHOCA;Desrespeitar a preferencia no cruzamento;Colisao transversal;Sem Vitimas;Plena Noite;Nublado;2;0;0;2
sexta-feira;SC;101;ITAPEMA;Reacao tardia ou ineficiente do condutor;Colisao com objeto;Com Vitimas Feridas;Plena Noite;Garoa/Chuvisco;1;0;1;1
sabado;SC;101;BARRA VELHA;Ausencia de reacao do condutor;Colisao traseira;Com Vitimas Feridas;Plena Noite;Nublado;2;0;1;2
sabado;SC;282;PALHOCA;Transitar no acostamento;Atropelamento de Pedestre;Com Vitimas Fatais;Plena Noite;Nublado;3;1;0;1
sabado;SC;282;PALHOCA;Velocidade Incompativel;Colisao com objeto;Sem Vitimas;Plena Noite;Nublado;1;0;0;1
sabado;SC;101;BIGUACU;Ingestao de alcool pelo condutor;Colisao com objeto;Com Vitimas Feridas;Plena Noite;Garoa/Chuvisco;1;0;1;1
sabado;SC;282;SAO JOSE;Ingestao de alcool pelo condutor;Colisao com objeto;Sem Vitimas;Plena Noite;Ceu Claro;1;0;0;1
sabado;SC;282;PALHOCA;Condutor Dormindo;Colisao frontal;Com Vitimas Feridas;Plena Noite;Ceu Claro;2;0;1;2
sabado;SC;470;LONTRAS;Ingestao de alcool pelo condutor;Colisao frontal;Com Vitimas Feridas;Pleno dia;Nublado;3;0;1;2
sabado;SC;101;ITAPEMA;Velocidade Incompativel;Colisao com objeto;Sem Vitimas;Pleno dia;Nublado;1;0;0;1
sabado;SC;282;PINHALZINHO;Velocidade Incompativel;Saida de leito carrocavel;Com Vitimas Feridas;Amanhecer;Nublado;1;0;1;1
sabado;SC;101;ITAJAI;Reacao tardia ou ineficiente do condutor;Saida de leito carrocavel;Sem Vitimas;Plena Noite;Chuva;1;0;0;1
sabado;SC;101;BALNEARIO CAMBORIU;Velocidade Incompativel;Capotamento;Sem Vitimas;Pleno dia;Nublado;3;0;0;3
sabado;SC;470;INDAIAL;Demais falhas na via;Colisao com objeto;Sem Vitimas;Amanhecer;Garoa/Chuvisco;1;0;0;1
sabado;SC;101;GARUVA;Ausencia de reacao do condutor;Tombamento;Com Vitimas Feridas;Pleno dia;Nublado;1;0;1;1
sabado;SC;101;BIGUACU;Pedestre andava na pista;Atropelamento de Pedestre;Com Vitimas Feridas;Pleno dia;Nublado;2;0;1;1
sabado;SC;280;SAO FRANCISCO DO SUL;Manobra de mudanca de faixa;Colisao transversal;Com Vitimas Feridas;Pleno dia;Ceu Claro;2;0;1;2
sabado;SC;101;LAGUNA;Ausencia de reacao do condutor;Saida de leito carrocavel;Com Vitimas Feridas;Pleno dia;Sol;3;0;3;1
sabado;SC;470;INDAIAL;Desrespeitar a preferencia no cruzamento;Colisao transversal;Com Vitimas Feridas;Pleno dia;Nublado;3;0;3;2
sabado;SC;470;IBIRAMA;Reacao tardia ou ineficiente do condutor;Colisao lateral;Com Vitimas Feridas;Pleno dia;Ceu Claro;2;0;1;2
sabado;SC;280;ARAQUARI;Conversao proibida;Colisao traseira;Com Vitimas Feridas;Pleno dia;Ceu Claro;3;0;1;2
sabado;SC;470;BLUMENAU;Desrespeitar a preferencia no cruzamento;Colisao transversal;Sem Vitimas;Pleno dia;Ceu Claro;2;0;0;2
sabado;SC;101;SAO JOSE;Desrespeitar a preferencia no cruzamento;Colisao transversal;Com Vitimas Feridas;Plena Noite;Ceu Claro;2;0;1;2
sabado;SC;470;INDAIAL;Ultrapassagem Indevida;Colisao lateral mesmo sentido;Com Vitimas Feridas;Plena Noite;Nublado;2;0;1;2
sabado;SC;101;PORTO BELO;Ingestao de alcool pelo condutor;Saida de leito carrocavel;Sem Vitimas;Plena Noite;Ceu Claro;1;0;0;1
sexta-feira;SC;282;LAGES;Ingestao de alcool e/ou substancias psicoativas pelo pedestre;Atropelamento de Pedestre;Com Vitimas Fatais;Pleno dia;Chuva;2;1;0;1
domingo;SC;101;BIGUACU;Ausencia de reacao do condutor;Colisao com objeto;Com Vitimas Feridas;Plena Noite;Nublado;2;0;1;1
domingo;SC;470;AGRONOMICA;Ingestao de alcool pelo condutor;Colisao com objeto;Com Vitimas Feridas;Plena Noite;Nublado;1;0;1;1
sabado;SC;282;FLORIANOPOLIS;Demais falhas mecanicas ou eletricas;Colisao lateral mesmo sentido;Com Vitimas Feridas;Pleno dia;Ceu Claro;3;0;1;3
sabado;SC;282;XANXERE;Ingestao de alcool e/ou substancias psicoativas pelo pedestre;Colisao lateral mesmo sentido;Com Vitimas Feridas;Plena Noite;Nublado;2;0;1;2
domingo;SC;480;CHAPECO;Chuva;Colisao com objeto;Sem Vitimas;Plena Noite;Chuva;1;0;0;1
quinta-feira;SC;470;LONTRAS;Desrespeitar a preferencia no cruzamento;Colisao transversal;Com Vitimas Feridas;Pleno dia;Ceu Claro;2;0;1;2
domingo;SC;470;GASPAR;Objeto estatico sobre o leito carrocavel;Colisao com objeto;Com Vitimas Feridas;Pleno dia;Sol;1;0;1;1
domingo;SC;101;ITAJAI;Condutor deixou de manter distancia do veiculo da frente;Colisao traseira;Com Vitimas Feridas;Pleno dia;Ceu Claro;2;0;1;2
domingo;SC;470;BLUMENAU;Transitar na contramao;Colisao frontal;Com Vitimas Feridas;Pleno dia;Nublado;2;0;1;2
domingo;SC;116;SANTA CECILIA;Velocidade Incompativel;Tombamento;Sem Vitimas;Anoitecer;Ceu Claro;1;0;0;1
domingo;SC;470;BLUMENAU;Mal subito do condutor;Saida de leito carrocavel;Com Vitimas Feridas;Amanhecer;Ceu Claro;2;0;2;1
domingo;SC;101;BARRA VELHA;Pedestre cruzava a pista fora da faixa;Atropelamento de Pedestre;Com Vitimas Feridas;Anoitecer;Ceu Claro;2;0;1;1
domingo;SC;101;TUBARAO;Reacao tardia ou ineficiente do condutor;Colisao transversal;Com Vitimas Feridas;Pleno dia;Ceu Claro;2;0;1;2
domingo;SC;282;AGUAS MORNAS;Problema com o freio;Colisao traseira;Com Vitimas Feridas;Anoitecer;Ceu Claro;4;0;1;3
domingo;SC;282;PONTE SERRADA;Desrespeitar a preferencia no cruzamento;Colisao transversal;Com Vitimas Feridas;Plena Noite;Ceu Claro;5;0;3;2
domingo;SC;101;BALNEARIO PICARRAS;Reacao tardia ou ineficiente do condutor;Queda de ocupante de veiculo;Com Vitimas Feridas;Plena Noite;Nublado;2;0;2;1
domingo;SC;101;PALHOCA;Reacao tardia ou ineficiente do condutor;Colisao com objeto;Com Vitimas Feridas;Plena Noite;Nublado;1;0;1;1
domingo;SC;101;BARRA VELHA;Condutor deixou de manter distancia do veiculo da frente;Colisao traseira;Sem Vitimas;Plena Noite;Ceu Claro;3;0;0;3
domingo;SC;116;SAO CRISTOVAO DO SUL;Velocidade Incompativel;Saida de leito carrocavel;Sem Vitimas;Pleno dia;Nublado;2;0;0;1
segunda-feira;SC;282;LAGES;Velocidade Incompativel;Colisao com objeto;Com Vitimas Feridas;Plena Noite;Garoa/Chuvisco;3;0;3;1
segunda-feira;SC;101;CRICIUMA;Velocidade Incompativel;Saida de leito carrocavel;Com Vitimas Feridas;Plena Noite;Chuva;2;0;1;1
segunda-feira;SC;101;GAROPABA;Animais na Pista;Atropelamento de Animal;Com Vitimas Feridas;Plena Noite;Garoa/Chuvisco;5;0;1;2
segunda-feira;SC;282;FLORIANOPOLIS;Ingestao de alcool pelo condutor;Saida de leito carrocavel;Com Vitimas Feridas;Amanhecer;Chuva;2;0;2;1
segunda-feira;SC;101;SAO JOSE;Velocidade Incompativel;Queda de ocupante de veiculo;Com Vitimas Feridas;Pleno dia;Nublado;2;0;2;1
segunda-feira;SC;470;SAO CRISTOVAO DO SUL;Conversao proibida;Colisao transversal;Com Vitimas Feridas;Pleno dia;Ceu Claro;3;0;1;2
segunda-feira;SC;470;RIO DO SUL;Transitar na contramao;Tombamento;Com Vitimas Feridas;Pleno dia;Sol;1;0;1;1
segunda-feira;SC;101;SAO JOSE;Desrespeitar a preferencia no cruzamento;Colisao transversal;Com Vitimas Feridas;Pleno dia;Sol;2;0;1;2
segunda-feira;SC;101;SAO JOSE;Demais falhas mecanicas ou eletricas;Incendio;Sem Vitimas;Pleno dia;Nublado;1;0;0;1
segunda-feira;SC;470;GASPAR;Condutor deixou de manter distancia do veiculo da frente;Colisao traseira;Com Vitimas Feridas;Pleno dia;Ceu Claro;3;0;1;2
segunda-feira;SC;101;LAGUNA;Manobra de mudanca de faixa;Colisao lateral;Com Vitimas Feridas;Plena Noite;Nublado;3;0;2;2
segunda-feira;SC;101;SAO JOSE;Manobra de mudanca de faixa;Tombamento;Com Vitimas Feridas;Plena Noite;Ceu Claro;1;0;1;1
segunda-feira;SC;282;PONTE SERRADA;Pedestre cruzava a pista fora da faixa;Atropelamento de Pedestre;Com Vitimas Fatais;Plena Noite;Ceu Claro;2;1;0;1
segunda-feira;SC;101;ARARANGUA;Velocidade Incompativel;Colisao traseira;Com Vitimas Feridas;Anoitecer;Ceu Claro;2;0;2;2
terca-feira;SC;282;SAO JOSE;Ingestao de alcool pelo condutor;Saida de leito carrocavel;Com Vitimas Feridas;Plena Noite;Nublado;1;0;1;1
terca-feira;SC;101;ARARANGUA;Condutor deixou de manter distancia do veiculo da frente;Colisao traseira;Com Vitimas Feridas;Pleno dia;Ceu Claro;4;0;3;2
terca-feira;SC;470;RIO DO SUL;Desrespeitar a preferencia no cruzamento;Colisao transversal;Com Vitimas Feridas;Pleno dia;Ceu Claro;2;0;1;2
terca-feira;SC;101;BALNEARIO CAMBORIU;Acessar a via sem observar a presenca dos outros veiculos;Colisao transversal;Com Vitimas Feridas;Pleno dia;Ceu Claro;2;0;2;2
sexta-feira;SC;470;POUSO REDONDO;Reacao tardia ou ineficiente do condutor;Colisao transversal;Com Vitimas Feridas;Pleno dia;Nublado;2;0;1;2
terca-feira;SC;101;TUBARAO;Sinalizacao mal posicionada;Colisao traseira;Com Vitimas Feridas;Pleno dia;Ceu Claro;3;0;1;2
terca-feira;SC;470;INDAIAL;Acesso irregular;Colisao lateral mesmo sentido;Com Vitimas Feridas;Pleno dia;Ceu Claro;2;0;1;2
terca-feira;SC;101;TUBARAO;Desrespeitar a preferencia no cruzamento;Colisao transversal;Com Vitimas Feridas;Pleno dia;Sol;2;0;1;2
terca-feira;SC;282;ERVAL VELHO;Ultrapassagem Indevida;Colisao lateral sentido oposto;Com Vitimas Feridas;Pleno dia;Ceu Claro;3;0;1;2
terca-feira;SC;101;JOINVILLE;Reacao tardia ou ineficiente do condutor;Colisao lateral mesmo sentido;Com Vitimas Feridas;Pleno dia;Ceu Claro;2;0;1;2
terca-feira;SC;101;PALHOCA;Pedestre andava na pista;Atropelamento de Pedestre;Com Vitimas Feridas;Pleno dia;Ceu Claro;2;0;1;1
terca-feira;SC;153;AGUA DOCE;Afundamento ou ondulacao no pavimento;Saida de leito carrocavel;Com Vitimas Feridas;Pleno dia;Ceu Claro;1;0;1;1
terca-feira;SC;153;AGUA DOCE;Pista esburacada;Saida de leito carrocavel;Com Vitimas Feridas;Pleno dia;Ceu Claro;2;0;2;1
terca-feira;SC;101;GARUVA;Reacao tardia ou ineficiente do condutor;Colisao traseira;Com Vitimas Feridas;Pleno dia;Sol;2;0;1;2
terca-feira;SC;470;BLUMENAU;Ultrapassagem Indevida;Colisao transversal;Com Vitimas Feridas;Pleno dia;Nublado;2;0;1;2
terca-feira;SC;470;RIO DO SUL;Reacao tardia ou ineficiente do condutor;Colisao lateral;Com Vitimas Feridas;Pleno dia;Sol;2;0;1;2
terca-feira;SC;470;BLUMENAU;Acesso irregular;Colisao transversal;Com Vitimas Feridas;Pleno dia;Nublado;3;0;3;2
terca-feira;SC;280;ARAQUARI;Acessar a via sem observar a presenca dos outros veiculos;Colisao transversal;Com Vitimas Feridas;Pleno dia;Ceu Claro;2;0;1;2
terca-feira;SC;101;ICARA;Demais falhas mecanicas ou eletricas;Incendio;Sem Vitimas;Pleno dia;Ceu Claro;1;0;0;1
terca-feira;SC;282;NOVA ERECHIM;Acessar a via sem observar a presenca dos outros veiculos;Colisao frontal;Com Vitimas Feridas;Pleno dia;Ceu Claro;2;0;2;2
terca-feira;SC;101;ICARA;Manobra de mudanca de faixa;Colisao com objeto;Com Vitimas Feridas;Pleno dia;Ceu Claro;2;0;2;1
terca-feira;SC;280;JARAGUA DO SUL;Pista Escorregadia;Colisao com objeto;Com Vitimas Feridas;Plena Noite;Garoa/Chuvisco;2;0;2;1
terca-feira;SC;470;ILHOTA;Acesso irregular;Saida de leito carrocavel;Com Vitimas Feridas;Plena Noite;Ceu Claro;1;0;1;1
terca-feira;SC;163;DIONISIO CERQUEIRA;Acessar a via sem observar a presenca dos outros veiculos;Colisao transversal;Com Vitimas Feridas;Pleno dia;Chuva;2;0;2;2
terca-feira;SC;282;MARAVILHA;Desrespeitar a preferencia no cruzamento;Colisao transversal;Com Vitimas Feridas;Plena Noite;Ceu Claro;2;0;1;2
terca-feira;SC;101;JOINVILLE;Condutor deixou de manter distancia do veiculo da frente;Colisao traseira;Com Vitimas Feridas;Plena Noite;Ceu Claro;3;0;1;3
sabado;SC;470;BLUMENAU;Ausencia de reacao do condutor;Colisao com objeto;Sem Vitimas;Plena Noite;Ceu Claro;1;0;0;1
terca-feira;SC;470;LONTRAS;Transitar na contramao;Colisao frontal;Com Vitimas Fatais;Plena Noite;Ceu Claro;3;1;0;2
quarta-feira;SC;101;SAO JOSE;Ingestao de alcool pelo condutor;Queda de ocupante de veiculo;Com Vitimas Feridas;Amanhecer;Ceu Claro;1;0;1;1
quarta-feira;SC;470;GASPAR;Transitar no acostamento;Colisao lateral mesmo sentido;Com Vitimas Feridas;Pleno dia;Ceu Claro;2;0;1;2
quarta-feira;SC;101;ITAPEMA;Reacao tardia ou ineficiente do condutor;Colisao transversal;Com Vitimas Feridas;Pleno dia;Ceu Claro;3;0;2;2
quarta-feira;SC;282;ERVAL VELHO;Condutor Dormindo;Saida de leito carrocavel;Com Vitimas Feridas;Pleno dia;Nublado;1;0;1;1
quarta-feira;SC;280;ARAQUARI;Acessar a via sem observar a presenca dos outros veiculos;Colisao transversal;Com Vitimas Feridas;Pleno dia;Ceu Claro;2;0;1;2
quarta-feira;SC;470;INDAIAL;Acesso irregular;Colisao transversal;Com Vitimas Feridas;Pleno dia;Nublado;2;0;1;2
quarta-feira;SC;101;ARAQUARI;Reacao tardia ou ineficiente do condutor;Saida de leito carrocavel;Com Vitimas Feridas;Pleno dia;Sol;1;0;1;1
quarta-feira;SC;101;LAGUNA;Obras na pista;Colisao traseira;Com Vitimas Feridas;Pleno dia;Ceu Claro;2;0;1;2
quarta-feira;SC;101;ARAQUARI;Reacao tardia ou ineficiente do condutor;Colisao transversal;Com Vitimas Feridas;Pleno dia;Ceu Claro;2;0;1;2
quarta-feira;SC;101;BALNEARIO CAMBORIU;Acumulo de oleo sobre o pavimento;Tombamento;Com Vitimas Feridas;Pleno dia;Ceu Claro;1;0;1;1
quarta-feira;SC;101;ITAJAI;Reacao tardia ou ineficiente do condutor;Colisao com objeto;Sem Vitimas;Pleno dia;Sol;1;0;0;1
quarta-feira;SC;101;ITAPEMA;Trafegar com motocicleta (ou similar) entre as faixas;Colisao lateral mesmo sentido;Com Vitimas Feridas;Pleno dia;Ceu Claro;2;0;1;2
quarta-feira;SC;280;SAO FRANCISCO DO SUL;Manobra de mudanca de faixa;Colisao traseira;Com Vitimas Feridas;Pleno dia;Ceu Claro;2;0;1;2
quarta-feira;SC;101;JOINVILLE;Velocidade Incompativel;Tombamento;Com Vitimas Feridas;Pleno dia;Ceu Claro;1;0;1;1
quarta-feira;SC;101;ITAPEMA;Ausencia de reacao do condutor;Colisao com objeto;Sem Vitimas;Plena Noite;Ceu Claro;1;0;0;1
quarta-feira;SC;101;BALNEARIO PICARRAS;Avarias e/ou desgaste excessivo no pneu;Queda de ocupante de veiculo;Com Vitimas Feridas;Plena Noite;Ceu Claro;1;0;1;1
quarta-feira;SC;101;BALNEARIO CAMBORIU;Ingestao de alcool pelo condutor;Colisao com objeto;Sem Vitimas;Plena Noite;Ceu Claro;1;0;0;1
quarta-feira;SC;101;PESCARIA BRAVA;Manobra de mudanca de faixa;Colisao lateral;Sem Vitimas;Plena Noite;Ceu Claro;2;0;0;2
quinta-feira;SC;101;ITAPEMA;Condutor deixou de manter distancia do veiculo da frente;Colisao traseira;Com Vitimas Feridas;Pleno dia;Ceu Claro;2;0;1;2
quinta-feira;SC;280;GUARAMIRIM;Desrespeitar a preferencia no cruzamento;Colisao transversal;Com Vitimas Feridas;Pleno dia;Sol;2;0;1;2
quinta-feira;SC;470;ILHOTA;Velocidade Incompativel;Tombamento;Com Vitimas Feridas;Pleno dia;Nublado;3;0;3;1
domingo;SC;101;ITAJAI;Desrespeitar a preferencia no cruzamento;Colisao transversal;Com Vitimas Feridas;Pleno dia;Chuva;3;0;2;2
quinta-feira;SC;101;PALHOCA;Condutor deixou de manter distancia do veiculo da frente;Colisao traseira;Com Vitimas Feridas;Pleno dia;Ceu Claro;3;0;1;2
quinta-feira;SC;101;ITAJAI;Velocidade Incompativel;Colisao transversal;Com Vitimas Feridas;Pleno dia;Ceu Claro;4;0;2;2
quinta-feira;SC;101;PALHOCA;Manobra de mudanca de faixa;Colisao lateral;Com Vitimas Feridas;Pleno dia;Ceu Claro;2;0;1;2
quinta-feira;SC;101;BALNEARIO CAMBORIU;Pista esburacada;Tombamento;Com Vitimas Feridas;Pleno dia;Ceu Claro;1;0;1;1
quinta-feira;SC;282;FLORIANOPOLIS;Acessar a via sem observar a presenca dos outros veiculos;Colisao lateral;Com Vitimas Feridas;Pleno dia;Ceu Claro;3;0;2;2
quinta-feira;SC;282;PONTE SERRADA;Velocidade Incompativel;Saida de leito carrocavel;Sem Vitimas;Pleno dia;Garoa/Chuvisco;1;0;0;1
quinta-feira;SC;282;AGUAS MORNAS;Ausencia de reacao do condutor;Colisao traseira;Sem Vitimas;Pleno dia;Ceu Claro;2;0;0;2
quinta-feira;SC;101;MARACAJA;Avarias e/ou desgaste excessivo no pneu;Tombamento;Com Vitimas Feridas;Pleno dia;Nublado;2;0;2;1
quinta-feira;SC;101;BIGUACU;Ausencia de reacao do condutor;Colisao traseira;Sem Vitimas;Pleno dia;Ceu Claro;2;0;0;2
quinta-feira;SC;470;BLUMENAU;Desrespeitar a preferencia no cruzamento;Colisao transversal;Com Vitimas Feridas;Pleno dia;Nublado;2;0;1;2
quinta-feira;SC;470;RIO DO SUL;Condutor deixou de manter distancia do veiculo da frente;Colisao traseira;Com Vitimas Feridas;Pleno dia;Ceu Claro;3;0;1;3
quinta-feira;SC;116;MAFRA;Ausencia de reacao do condutor;Tombamento;Com Vitimas Feridas;Pleno dia;Ceu Claro;1;0;1;1
quinta-feira;SC;101;ITAJAI;Condutor deixou de manter distancia do veiculo da frente;Queda de ocupante de veiculo;Com Vitimas Feridas;Anoitecer;Ceu Claro;1;0;1;1
quinta-feira;SC;101;PALHOCA;Afundamento ou ondulacao no pavimento;Tombamento;Com Vitimas Feridas;Plena Noite;Ceu Claro;1;0;1;1
quinta-feira;SC;470;BLUMENAU;Desrespeitar a preferencia no cruzamento;Colisao transversal;Com Vitimas Feridas;Anoitecer;Ceu Claro;3;0;2;2