dia_semana;uf;br;municipio;causa_acidente;tipo_acidente;classificacao_acidente;fase_dia;condicao_metereologica;pessoas;mortos;feridos;veiculos
quinta-feira;SC;280;RIO NEGRINHO;Acessar a via sem observar a presenca dos outros veiculos;Colisao transversal;Com Vitimas Feridas;Plena Noite;Nublado;2;0;1;2
quinta-feira;SC;101;IMBITUBA;Pedestre cruzava a pista fora da faixa;Atropelamento de Pedestre;Com Vitimas Feridas;Pleno dia;Ceu Claro;2;0;1;1
quinta-feira;SC;101;TUBARAO;Ingestao de alcool pelo condutor;Saida de leito carrocavel;Com Vitimas Feridas;Plena Noite;Ceu Claro;1;0;1;1
quinta-feira;SC;470;RIO DO SUL;Demais falhas na via;Queda de ocupante de veiculo;Com Vitimas Feridas;Pleno dia;Ceu Claro;1;0;1;1
sexta-feira;SC;101;ITAJAI;Velocidade Incompativel;Colisao lateral;Com Vitimas Feridas;Amanhecer;Ceu Claro;3;0;1;2
sexta-feira;SC;101;BALNEARIO CAMBORIU;Acessar a via sem observar a presenca dos outros veiculos;Colisao lateral;Com Vitimas Feridas;Pleno dia;Sol;2;0;1;2
sexta-feira;SC;470;BLUMENAU;Manobra de mudanca de faixa;Colisao lateral mesmo sentido;Com Vitimas Feridas;Pleno dia;Ceu Claro;2;0;1;2
sexta-feira;SC;101;TUBARAO;Ausencia de reacao do condutor;Colisao com objeto;Com Vitimas Feridas;Pleno dia;Ceu Claro;1;0;1;1
sexta-feira;SC;116;MAFRA;Acessar a via sem observar a presenca dos outros veiculos;Colisao transversal;Com Vitimas Feridas;Pleno dia;Sol;2;0;1;2
sexta-feira;SC;470;GASPAR;Transitar na contramao;Colisao frontal;Com Vitimas Feridas;Pleno dia;Ceu Claro;2;0;1;2
sexta-feira;SC;280;ARAQUARI;Acessar a via sem observar a presenca dos outros veiculos;Colisao lateral;Com Vitimas Feridas;Pleno dia;Sol;3;0;2;2
sexta-feira;SC;101;GAROPABA;Reacao tardia ou ineficiente do condutor;Tombamento;Com Vitimas Fatais;Pleno dia;Ceu Claro;4;1;1;2
sexta-feira;SC;101;BALNEARIO CAMBORIU;Trafegar com motocicleta (ou similar) entre as faixas;Tombamento;Com Vitimas Feridas;Pleno dia;Ceu Claro;1;0;1;1
sexta-feira;SC;282;LAGES;Acessar a via sem observar a presenca dos outros veiculos;Colisao transversal;Com Vitimas Feridas;Pleno dia;Ceu Claro;2;0;1;2
sexta-feira;SC;280;ARAQUARI;Ultrapassagem Indevida;Colisao transversal;Com Vitimas Feridas;Pleno dia;Sol;2;0;1;2
sexta-feira;SC;101;SAO JOSE;Manobra de mudanca de faixa;Queda de ocupante de veiculo;Com Vitimas Feridas;Anoitecer;Ceu Claro;2;0;1;1
sexta-feira;SC;470;RIO DO SUL;Desrespeitar a preferencia no cruzamento;Colisao transversal;Sem Vitimas;Pleno dia;Sol;2;0;0;2
sexta-feira;SC;153;AGUA DOCE;Condutor Dormindo;Saida de leito carrocavel;Com Vitimas Feridas;Pleno dia;Ceu Claro;1;0;1;1
sexta-feira;SC;280;ARAQUARI;Ultrapassagem Indevida;Colisao lateral;Sem Vitimas;Plena Noite;Ceu Claro;2;0;0;2
sexta-feira;SC;163;SAO MIGUEL DO OESTE;Acessar a via sem observar a presenca dos outros veiculos;Colisao transversal;Com Vitimas Feridas;Pleno dia;Sol;4;0;1;3
sexta-feira;SC;116;MAFRA;Acessar a via sem observar a presenca dos outros veiculos;Colisao transversal;Com Vitimas Feridas;Pleno dia;Sol;2;0;1;2
sexta-feira;SC;282;FLORIANOPOLIS;Condutor deixou de manter distancia do veiculo da frente;Colisao traseira;Com Vitimas Feridas;Plena Noite;Nublado;4;0;2;2
sexta-feira;SC;282;FAXINAL DOS GUEDES;Afundamento ou ondulacao no pavimento;Saida de leito carrocavel;Com Vitimas Feridas;Plena Noite;Ceu Claro;2;0;1;1
sexta-feira;SC;101;BARRA VELHA;Condutor Dormindo;Colisao traseira;Com Vitimas Feridas;Plena Noite;Nublado;3;0;2;3
sexta-feira;SC;470;NAVEGANTES;Acessar a via sem observar a presenca dos outros veiculos;Colisao lateral;Com Vitimas Feridas;Plena Noite;Ceu Claro;3;0;2;2
sabado;SC;101;SAO JOSE;Demais falhas mecanicas ou eletricas;Tombamento;Com Vitimas Feridas;Plena Noite;Ceu Claro;2;0;2;1
sabado;SC;101;BALNEARIO CAMBORIU;Ultrapassagem Indevida;Colisao lateral;Com Vitimas Feridas;Plena Noite;Nublado;2;0;1;2
sabado;SC;470;SAO CRISTOVAO DO SUL;Ingestao de alcool pelo condutor;Colisao frontal;Com Vitimas Feridas;Plena Noite;Ceu Claro;2;0;1;2
sabado;SC;280;CORUPA;Acumulo de areia ou detritos sobre o pavimento;Queda de ocupante de veiculo;Com Vitimas Feridas;Amanhecer;Ceu Claro;1;0;1;1
sabado;SC;101;BALNEARIO PICARRAS;Acumulo de agua sobre o pavimento;Tombamento;Com Vitimas Feridas;Amanhecer;Ceu Claro;1;0;1;1
sabado;SC;280;ARAQUARI;Condutor deixou de manter distancia do veiculo da frente;Colisao traseira;Sem Vitimas;Pleno dia;Ceu Claro;3;0;0;3
sabado;SC;282;LAGES;Ingestao de alcool pelo condutor;Saida de leito carrocavel;Com Vitimas Feridas;Amanhecer;Ceu Claro;3;0;1;1
sabado;SC;116;SANTA CECILIA;Transitar na contramao;Colisao lateral sentido oposto;Sem Vitimas;Pleno dia;Ceu Claro;2;0;0;2
sabado;SC;101;BALNEARIO CAMBORIU;Trafegar com motocicleta (ou similar) entre as faixas;Queda de ocupante de veiculo;Com Vitimas Feridas;Pleno dia;Sol;1;0;1;1
sabado;SC;101;TIJUCAS;Demais falhas mecanicas ou eletricas;Queda de ocupante de veiculo;Com Vitimas Feridas;Pleno dia;Ceu Claro;2;0;2;1
sabado;SC;101;CAMBORIU;Manobra de mudanca de faixa;Colisao transversal;Com Vitimas Feridas;Pleno dia;Ceu Claro;2;0;1;2
sabado;SC;101;IMBITUBA;Condutor deixou de manter distancia do veiculo da frente;Colisao traseira;Com Vitimas Feridas;Pleno dia;Ceu Claro;3;0;2;2
sabado;SC;280;MAFRA;Transitar na contramao;Colisao frontal;Com Vitimas Feridas;Pleno dia;Ceu Claro;3;0;2;2
sabado;SC;101;PALHOCA;Acessar a via sem observar a presenca dos outros veiculos;Colisao transversal;Com Vitimas Feridas;Pleno dia;Sol;2;0;1;2
sabado;SC;282;BOM RETIRO;Curva acentuada;Saida de leito carrocavel;Com Vitimas Feridas;Pleno dia;Ceu Claro;3;0;1;1
sabado;SC;470;POUSO REDONDO;Ingestao de alcool ou de substancias psicoativas pelo pedestre;Colisao com objeto;Com Vitimas Feridas;Pleno dia;Ceu Claro;2;0;2;1
sabado;SC;480;CHAPECO;Ingestao de alcool pelo condutor;Colisao traseira;Sem Vitimas;Pleno dia;Sol;2;0;0;2
sabado;SC;282;VARGEM BONITA;Velocidade Incompativel;Colisao frontal;Com Vitimas Feridas;Pleno dia;Ceu Claro;3;0;2;2
sabado;SC;280;SAO FRANCISCO DO SUL;Acessar a via sem observar a presenca dos outros veiculos;Colisao transversal;Com Vitimas Feridas;Pleno dia;Ceu Claro;3;0;2;2
sabado;SC;282;VARGEM;Acessar a via sem observar a presenca dos outros veiculos;Saida de leito carrocavel;Com Vitimas Feridas;Pleno dia;Ceu Claro;2;0;1;2
sabado;SC;101;BALNEARIO CAMBORIU;Ingestao de alcool ou de substancias psicoativas pelo pedestre;Colisao traseira;Sem Vitimas;Plena Noite;Ceu Claro;2;0;0;2
sabado;SC;470;GASPAR;Ausencia de reacao do condutor;Saida de leito carrocavel;Com Vitimas Feridas;Pleno dia;Sol;7;0;7;1
sabado;SC;116;PAPANDUVA;Conversao proibida;Colisao transversal;Com Vitimas Feridas;Plena Noite;Ceu Claro;3;0;3;2
sabado;SC;470;GASPAR;Velocidade Incompativel;Saida de leito carrocavel;Com Vitimas Feridas;Pleno dia;Ceu Claro;1;0;1;1
sabado;SC;282;ALFREDO WAGNER;Pista esburacada;Colisao com objeto;Com Vitimas Feridas;Plena Noite;Ceu Claro;2;0;2;1
sabado;SC;101;PAULO LOPES;Velocidade Incompativel;Colisao com objeto;Com Vitimas Feridas;Plena Noite;Ceu Claro;5;0;3;1
sabado;SC;282;FLORIANOPOLIS;Reacao tardia ou ineficiente do condutor;Colisao traseira;Com Vitimas Feridas;Plena Noite;Ceu Claro;2;0;1;2
sabado;SC;470;INDAIAL;Desrespeitar a preferencia no cruzamento;Colisao transversal;Com Vitimas Feridas;Plena Noite;Nublado;2;0;1;2
domingo;SC;470;INDAIAL;Demais Fenômenos da natureza;Colisao com objeto;Com Vitimas Feridas;Plena Noite;Ceu Claro;1;0;1;1
sabado;SC;282;SAO JOSE DO CERRITO;Ingestao de alcool pelo condutor;Saida de leito carrocavel;Com Vitimas Fatais;Plena Noite;Ceu Claro;1;1;0;1
domingo;SC;101;SANGAO;Ausencia de reacao do condutor;Saida de leito carrocavel;Com Vitimas Feridas;Plena Noite;Ceu Claro;1;0;1;1
domingo;SC;282;PALHOCA;Acessar a via sem observar a presenca dos outros veiculos;Colisao transversal;Com Vitimas Feridas;Plena Noite;Ceu Claro;4;0;4;2
domingo;SC;470;POUSO REDONDO;Transitar na contramao;Colisao frontal;Com Vitimas Fatais;Amanhecer;Nevoeiro/Neblina;4;1;1;2
domingo;SC;470;RIO DO SUL;Ingestao de alcool pelo condutor;Colisao com objeto;Sem Vitimas;Amanhecer;Nevoeiro/Neblina;1;0;0;1
domingo;SC;163;SAO MIGUEL DO OESTE;Velocidade Incompativel;Colisao com objeto;Sem Vitimas;Plena Noite;Ceu Claro;1;0;0;1
domingo;SC;101;PALHOCA;Manobra de mudanca de faixa;Colisao lateral mesmo sentido;Com Vitimas Feridas;Pleno dia;Sol;3;0;1;2
domingo;SC;101;PALHOCA;Condutor deixou de manter distancia do veiculo da frente;Engavetamento;Com Vitimas Feridas;Pleno dia;Ceu Claro;3;0;2;3
domingo;SC;282;PINHALZINHO;Condutor Dormindo;Saida de leito carrocavel;Sem Vitimas;Pleno dia;Sol;1;0;0;1
domingo;SC;101;PAULO LOPES;Ingestao de alcool pelo condutor;Capotamento;Com Vitimas Feridas;Pleno dia;Sol;1;0;1;1
domingo;SC;101;PALHOCA;Ausencia de reacao do condutor;Tombamento;Com Vitimas Feridas;Pleno dia;Ceu Claro;1;0;1;1
domingo;SC;470;APIUNA;Ausencia de reacao do condutor;Colisao com objeto;Com Vitimas Feridas;Pleno dia;Ceu Claro;2;0;1;1
domingo;SC;101;PALHOCA;Velocidade Incompativel;Colisao traseira;Com Vitimas Feridas;Pleno dia;Chuva;3;0;1;3
domingo;SC;101;PALHOCA;Ingestao de alcool pelo condutor;Colisao traseira;Com Vitimas Feridas;Pleno dia;Ceu Claro;4;0;3;3
domingo;SC;101;SAO JOSE;Condutor deixou de manter distancia do veiculo da frente;Colisao traseira;Com Vitimas Feridas;Plena Noite;Ceu Claro;2;0;1;2
domingo;SC;470;RIO DO SUL;Condutor deixou de manter distancia do veiculo da frente;Colisao traseira;Com Vitimas Feridas;Plena Noite;Ceu Claro;3;0;1;2
domingo;SC;101;SAO JOSE;Trafegar com motocicleta (ou similar) entre as faixas;Colisao lateral;Com Vitimas Feridas;Plena Noite;Nublado;2;0;1;2
domingo;SC;282;MARAVILHA;Reacao tardia ou ineficiente do condutor;Colisao com objeto;Com Vitimas Feridas;Pleno dia;Ceu Claro;1;0;1;1
domingo;SC;101;ITAJAI;Frear bruscamente;Colisao com objeto;Com Vitimas Feridas;Plena Noite;Ceu Claro;3;0;1;2
sexta-feira;SC;470;BLUMENAU;Reacao tardia ou ineficiente do condutor;Tombamento;Com Vitimas Feridas;Plena Noite;Ceu Claro;1;0;1;1
segunda-feira;SC;101;SAO JOSE;Pedestre cruzava a pista fora da faixa;Atropelamento de Pedestre;Com Vitimas Feridas;Plena Noite;Ceu Claro;2;0;1;1
segunda-feira;SC;101;SANGAO;Iluminacao deficiente;Atropelamento de Animal;Com Vitimas Feridas;Plena Noite;Ceu Claro;2;0;1;1
segunda-feira;SC;470;NAVEGANTES;Animais na Pista;Atropelamento de Animal;Com Vitimas Feridas;Plena Noite;Nublado;2;0;1;1
segunda-feira;SC;101;PALHOCA;Ingestao de alcool pelo condutor;Tombamento;Com Vitimas Feridas;Plena Noite;Ceu Claro;1;0;1;1
segunda-feira;SC;163;SAO MIGUEL DO OESTE;Condutor deixou de manter distancia do veiculo da frente;Colisao traseira;Com Vitimas Feridas;Pleno dia;Ceu Claro;2;0;1;2
segunda-feira;SC;282;LAGES;Condutor Dormindo;Saida de leito carrocavel;Com Vitimas Feridas;Amanhecer;Ceu Claro;2;0;2;1
segunda-feira;SC;101;SAO JOSE;Condutor deixou de manter distancia do veiculo da frente;Colisao traseira;Sem Vitimas;Pleno dia;Ceu Claro;2;0;0;2
segunda-feira;SC;470;RIO DO SUL;Demais falhas mecanicas ou eletricas;Colisao transversal;Com Vitimas Feridas;Amanhecer;Nublado;2;0;1;2
segunda-feira;SC;101;BALNEARIO CAMBORIU;Reacao tardia ou ineficiente do condutor;Colisao traseira;Com Vitimas Feridas;Pleno dia;Ceu Claro;2;0;1;2
segunda-feira;SC;101;SAO JOSE;Reacao tardia ou ineficiente do condutor;Colisao lateral;Sem Vitimas;Pleno dia;Sol;5;0;0;2
segunda-feira;SC;101;GAROPABA;Ausencia de reacao do condutor;Saida de leito carrocavel;Com Vitimas Feridas;Pleno dia;Sol;3;0;2;1
segunda-feira;SC;282;SANTO AMARO DA IMPERATRIZ;Desrespeitar a preferencia no cruzamento;Colisao transversal;Com Vitimas Feridas;Pleno dia;Ceu Claro;4;0;4;2
segunda-feira;SC;282;FAXINAL DOS GUEDES;Velocidade Incompativel;Tombamento;Com Vitimas Feridas;Pleno dia;Ceu Claro;1;0;1;1
segunda-feira;SC;101;SAO JOSE;Condutor deixou de manter distancia do veiculo da frente;Tombamento;Com Vitimas Feridas;Pleno dia;Ceu Claro;2;0;2;1
segunda-feira;SC;282;FLORIANOPOLIS;Condutor deixou de manter distancia do veiculo da frente;Colisao traseira;Com Vitimas Feridas;Pleno dia;Ceu Claro;2;0;1;2
segunda-feira;SC;282;RANCHO QUEIMADO;Ultrapassagem Indevida;Tombamento;Com Vitimas Feridas;Pleno dia;Nublado;2;0;1;2
segunda-feira;SC;470;BLUMENAU;Retorno proibido;Colisao transversal;Com Vitimas Feridas;Pleno dia;Ceu Claro;4;0;1;3
segunda-feira;SC;282;FLORIANOPOLIS;Condutor deixou de manter distancia do veiculo da frente;Colisao traseira;Com Vitimas Feridas;Pleno dia;Sol;3;0;2;2
segunda-feira;SC;153;CONCORDIA;Condutor deixou de manter distancia do veiculo da frente;Colisao lateral;Sem Vitimas;Pleno dia;Ceu Claro;2;0;0;2
segunda-feira;SC;101;ITAJAI;Avarias e/ou desgaste excessivo no pneu;Tombamento;Com Vitimas Feridas;Plena Noite;Nublado;2;0;2;1
segunda-feira;SC;470;BLUMENAU;Ausencia de reacao do condutor;Colisao lateral;Com Vitimas Feridas;Plena Noite;Ceu Claro;2;0;1;2
segunda-feira;SC;101;LAGUNA;Objeto estatico sobre o leito carrocavel;Tombamento;Com Vitimas Feridas;Plena Noite;Nublado;1;0;1;1
segunda-feira;SC;470;POUSO REDONDO;Velocidade Incompativel;Colisao lateral;Com Vitimas Feridas;Plena Noite;Ceu Claro;2;0;1;2
terca-feira;SC;101;SAO JOSE;Ausencia de reacao do condutor;Saida de leito carrocavel;Com Vitimas Feridas;Pleno dia;Sol;1;0;1;1
terca-feira;SC;101;ITAJAI;Reacao tardia ou ineficiente do condutor;Colisao traseira;Com Vitimas Feridas;Pleno dia;Nublado;2;0;1;2
terca-feira;SC;101;SAO JOSE;Manobra de mudanca de faixa;Colisao traseira;Com Vitimas Feridas;Pleno dia;Ceu Claro;2;0;1;2
terca-feira;SC;470;LONTRAS;Condutor deixou de manter distancia do veiculo da frente;Colisao traseira;Com Vitimas Feridas;Pleno dia;Ceu Claro;2;0;1;2
terca-feira;SC;470;RIO DO SUL;Condutor deixou de manter distancia do veiculo da frente;Engavetamento;Com Vitimas Feridas;Pleno dia;Sol;3;0;1;3
terca-feira;SC;101;BARRA VELHA;Ingestao de alcool pelo condutor;Saida de leito carrocavel;Com Vitimas Feridas;Pleno dia;Ceu Claro;4;0;1;1
terca-feira;SC;282;PALHOCA;Acessar a via sem observar a presenca dos outros veiculos;Colisao transversal;Sem Vitimas;Pleno dia;Ceu Claro;2;0;0;2
terca-feira;SC;101;SAO JOSE;Reacao tardia ou ineficiente do condutor;Tombamento;Com Vitimas Feridas;Pleno dia;Sol;2;0;2;1
terca-feira;SC;470;RIO DO SUL;Conversao proibida;Colisao lateral;Com Vitimas Feridas;Pleno dia;Ceu Claro;4;0;2;2
terca-feira;SC;101;CAPIVARI DE BAIXO;Objeto estatico sobre o leito carrocavel;Colisao com objeto;Com Vitimas Feridas;Pleno dia;Ceu Claro;1;0;1;1
terca-feira;SC;101;JOINVILLE;Avarias e/ou desgaste excessivo no pneu;Queda de ocupante de veiculo;Com Vitimas Feridas;Pleno dia;Sol;1;0;1;1
terca-feira;SC;101;SAO JOSE;Condutor deixou de manter distancia do veiculo da frente;Colisao traseira;Com Vitimas Feridas;Pleno dia;Ceu Claro;2;0;1;2
terca-feira;SC;101;PENHA;Acessar a via sem observar a presenca dos outros veiculos;Colisao lateral mesmo sentido;Com Vitimas Feridas;Pleno dia;Ceu Claro;2;0;1;2
quinta-feira;SC;101;BIGUACU;Velocidade Incompativel;Colisao com objeto;Sem Vitimas;Pleno dia;Chuva;2;0;0;2
terca-feira;SC;282;CORDILHEIRA ALTA;Avarias e/ou desgaste excessivo no pneu;Saida de leito carrocavel;Com Vitimas Feridas;Pleno dia;Chuva;2;0;1;1
terca-feira;SC;101;SANGAO;Condutor deixou de manter distancia do veiculo da frente;Saida de leito carrocavel;Com Vitimas Feridas;Pleno dia;Sol;2;0;2;1
terca-feira;SC;101;BIGUACU;Ingestao de alcool pelo condutor;Colisao traseira;Sem Vitimas;Plena Noite;Ceu Claro;2;0;0;2
terca-feira;SC;116;CORREIA PINTO;Conversao proibida;Colisao transversal;Com Vitimas Feridas;Plena Noite;Ceu Claro;3;0;1;2
terca-feira;SC;280;RIO NEGRINHO;Deficiencia do Sistema de Iluminacao/Sinalizacao;Colisao transversal;Com Vitimas Feridas;Plena Noite;Ceu Claro;2;0;1;2
quarta-feira;SC;101;JAGUARUNA;Acessar a via sem observar a presenca dos outros veiculos;Atropelamento de Pedestre;Com Vitimas Feridas;Amanhecer;Ceu Claro;2;0;1;2
quarta-feira;SC;101;PALHOCA;Trafegar com motocicleta (ou similar) entre as faixas;Colisao traseira;Com Vitimas Feridas;Pleno dia;Ceu Claro;2;0;2;1
quarta-feira;SC;101;SAO JOSE;Trafegar com motocicleta (ou similar) entre as faixas;Queda de ocupante de veiculo;Com Vitimas Feridas;Pleno dia;Ceu Claro;1;0;1;1
quarta-feira;SC;282;PONTE SERRADA;Velocidade Incompativel;Saida de leito carrocavel;Com Vitimas Feridas;Plena Noite;Ceu Claro;1;0;1;1
quarta-feira;SC;470;RIO DO SUL;Ultrapassagem Indevida;Tombamento;Com Vitimas Feridas;Pleno dia;Ceu Claro;2;0;1;2
quarta-feira;SC;101;CAPIVARI DE BAIXO;Desrespeitar a preferencia no cruzamento;Colisao transversal;Com Vitimas Feridas;Pleno dia;Ceu Claro;2;0;1;2
quarta-feira;SC;101;PALHOCA;Objeto estatico sobre o leito carrocavel;Tombamento;Com Vitimas Feridas;Pleno dia;Ceu Claro;2;0;2;1
quarta-feira;SC;116;SAO CRISTOVAO DO SUL;Acessar a via sem observar a presenca dos outros veiculos;Colisao transversal;Com Vitimas Fatais;Pleno dia;Ceu Claro;3;1;0;2
quarta-feira;SC;101;PALHOCA;Reacao tardia ou ineficiente do condutor;Queda de ocupante de veiculo;Com Vitimas Feridas;Pleno dia;Sol;2;0;1;2
quarta-feira;SC;470;POUSO REDONDO;Transitar na contramao;Colisao lateral;Com Vitimas Feridas;Pleno dia;Ceu Claro;4;0;2;3
quarta-feira;SC;282;SAO MIGUEL DO OESTE;Acessar a via sem observar a presenca dos outros veiculos;Colisao transversal;Com Vitimas Feridas;Pleno dia;Ceu Claro;2;0;2;2
quarta-feira;SC;470;INDAIAL;Acumulo de areia ou detritos sobre o pavimento;Tombamento;Com Vitimas Feridas;Pleno dia;Ceu Claro;1;0;1;1
quarta-feira;SC;470;INDAIAL;Acessar a via sem observar a presenca dos outros veiculos;Colisao transversal;Com Vitimas Feridas;Anoitecer;Nublado;2;0;1;2
terca-feira;SC;280;MAFRA;Condutor Dormindo;Tombamento;Com Vitimas Feridas;Pleno dia;Nublado;2;0;1;1
quinta-feira;SC;101;ARARANGUA;Ausencia de reacao do condutor;Saida de leito carrocavel;Sem Vitimas;Plena Noite;Ignorado;1;0;0;1
quinta-feira;SC;470;RIO DO SUL;Ingestao de alcool pelo condutor;Colisao traseira;Com Vitimas Feridas;Plena Noite;Ceu Claro;3;0;1;2
quarta-feira;SC;101;BIGUACU;Velocidade Incompativel;Queda de ocupante de veiculo;Com Vitimas Feridas;Anoitecer;Ceu Claro;1;0;1;1
quinta-feira;SC;101;SOMBRIO;Ausencia de reacao do condutor;Saida de leito carrocavel;Sem Vitimas;Plena Noite;Nublado;1;0;0;1
quinta-feira;SC;101;ITAJAI;Ausencia de reacao do condutor;Colisao lateral;Com Vitimas Feridas;Pleno dia;Ceu Claro;2;0;1;2
quinta-feira;SC;280;SAO BENTO DO SUL;Acessar a via sem observar a presenca dos outros veiculos;Colisao transversal;Com Vitimas Feridas;Pleno dia;Ceu Claro;3;0;1;2
quinta-feira;SC;101;SAO JOSE;Acessar a via sem observar a presenca dos outros veiculos;Colisao transversal;Com Vitimas Feridas;Pleno dia;Ceu Claro;2;0;1;2
quinta-feira;SC;116;CAPAO ALTO;Velocidade Incompativel;Saida de leito carrocavel;Com Vitimas Feridas;Pleno dia;Nublado;1;0;1;1
quinta-feira;SC;101;PESCARIA BRAVA;Obras na pista;Engavetamento;Sem Vitimas;Pleno dia;Ceu Claro;7;0;0;4
quinta-feira;SC;101;SAO JOSE;Trafegar com motocicleta (ou similar) entre as faixas;Colisao lateral;Com Vitimas Feridas;Pleno dia;Ceu Claro;2;0;1;2
quinta-feira;SC;101;TUBARAO;Reacao tardia ou ineficiente do condutor;Colisao traseira;Com Vitimas Feridas;Pleno dia;Sol;3;0;2;2
quinta-feira;SC;116;SANTA CECILIA;Velocidade Incompativel;Derramamento de carga;Sem Vitimas;Pleno dia;Chuva;1;0;0;1
quinta-feira;SC;470;INDAIAL;Trafegar com motocicleta (ou similar) entre as faixas;Colisao lateral;Com Vitimas Feridas;Pleno dia;Nublado;2;0;1;2
quinta-feira;SC;101;IMBITUBA;Sinalizacao mal posicionada;Colisao com objeto;Com Vitimas Feridas;Pleno dia;Ceu Claro;2;0;2;1
quinta-feira;SC;101;ARARANGUA;Acessar a via sem observar a presenca dos outros veiculos;Colisao transversal;Com Vitimas Feridas;Pleno dia;Nublado;3;0;1;2
quinta-feira;SC;101;PALHOCA;Demais falhas mecanicas ou eletricas;Tombamento;Com Vitimas Feridas;Pleno dia;Nublado;2;0;2;1
quinta-feira;SC;101;PALHOCA;Manobra de mudanca de faixa;Colisao lateral mesmo sentido;Com Vitimas Feridas;Plena Noite;Chuva;2;0;1;2
quinta-feira;SC;470;INDAIAL;Ingestao de alcool pelo condutor;Colisao frontal;Com Vitimas Feridas;Plena Noite;Chuva;2;0;1;2
quinta-feira;SC;101;SAO JOSE;Manobra de mudanca de faixa;Colisao lateral;Com Vitimas Feridas;Plena Noite;Nublado;2;0;1;2
quinta-feira;SC;116;MONTE CASTELO;Ultrapassagem Indevida;Colisao frontal;Com Vitimas Feridas;Anoitecer;Garoa/Chuvisco;2;0;1;2
quinta-feira;SC;280;GUARAMIRIM;Objeto estatico sobre o leito carrocavel;Tombamento;Com Vitimas Feridas;Pleno dia;Nublado;1;0;1;1
quinta-feira;SC;101;JOINVILLE;Ingestao de alcool pelo condutor;Colisao lateral mesmo sentido;Com Vitimas Feridas;Plena Noite;Garoa/Chuvisco;3;0;1;2
sexta-feira;SC;470;BRUNOPOLIS;Condutor Dormindo;Saida de leito carrocavel;Com Vitimas Feridas;Plena Noite;Ceu Claro;4;0;2;1
sexta-feira;SC;101;BIGUACU;Ingestao de alcool pelo condutor;Saida de leito carrocavel;Com Vitimas Feridas;Plena Noite;Nublado;1;0;1;1
sexta-feira;SC;101;SAO JOSE;Ingestao de alcool pelo condutor;Colisao traseira;Sem Vitimas;Amanhecer;Chuva;4;0;0;4
quinta-feira;SC;282;ALFREDO WAGNER;Ingestao de alcool pelo condutor;Colisao frontal;Com Vitimas Feridas;Pleno dia;Ceu Claro;2;0;1;2
sexta-feira;SC;470;LONTRAS;Velocidade Incompativel;Tombamento;Com Vitimas Feridas;Amanhecer;Ceu Claro;1;0;1;1
sexta-feira;SC;101;ITAJAI;Ausencia de reacao do condutor;Engavetamento;Com Vitimas Feridas;Pleno dia;Nublado;3;0;1;3
sexta-feira;SC;470;RIO DO SUL;Ultrapassagem Indevida;Tombamento;Com Vitimas Fatais;Pleno dia;Nublado;3;1;0;2
sabado;SC;101;BIGUACU;Ausencia de reacao do condutor;Colisao traseira;Com Vitimas Fatais;Plena Noite;Chuva;2;1;0;2
sexta-feira;SC;101;TUBARAO;Desrespeitar a preferencia no cruzamento;Colisao transversal;Com Vitimas Feridas;Pleno dia;Sol;2;0;1;2
sexta-feira;SC;101;PALHOCA;Reacao tardia ou ineficiente do condutor;Colisao traseira;Com Vitimas Feridas;Pleno dia;Nublado;3;0;2;2
sexta-feira;SC;101;SANGAO;Manobra de mudanca de faixa;Colisao lateral;Com Vitimas Feridas;Pleno dia;Ceu Claro;2;0;1;2
sexta-feira;SC;470;POUSO REDONDO;Acesso irregular;Colisao transversal;Com Vitimas Feridas;Pleno dia;Ceu Claro;2;0;1;2
sexta-feira;SC;101;JOINVILLE;Velocidade Incompativel;Colisao traseira;Com Vitimas Feridas;Pleno dia;Nublado;2;0;1;2
sexta-feira;SC;101;ARAQUARI;Acessar a via sem observar a presenca dos outros veiculos;Colisao transversal;Com Vitimas Feridas;Pleno dia;Chuva;4;0;3;2
sexta-feira;SC;101;TUBARAO;Condutor deixou de manter distancia do veiculo da frente;Colisao com objeto;Com Vitimas Feridas;Pleno dia;Ceu Claro;1;0;1;1
sexta-feira;SC;282;FLORIANOPOLIS;Ausencia de reacao do condutor;Colisao lateral;Com Vitimas Feridas;Pleno dia;Chuva;2;0;1;2
sexta-feira;SC;101;SAO JOSE;Manobra de mudanca de faixa;Colisao lateral mesmo sentido;Com Vitimas Feridas;Pleno dia;Garoa/Chuvisco;2;0;1;2
sexta-feira;SC;101;TUBARAO;Condutor deixou de manter distancia do veiculo da frente;Tombamento;Com Vitimas Feridas;Pleno dia;Garoa/Chuvisco;1;0;1;1
sexta-feira;SC;101;TUBARAO;Condutor deixou de manter distancia do veiculo da frente;Colisao traseira;Com Vitimas Feridas;Pleno dia;Garoa/Chuvisco;9;0;4;3
sexta-feira;SC;101;ARARANGUA;Manobra de mudanca de faixa;Colisao transversal;Com Vitimas Feridas;Pleno dia;Nublado;5;0;3;2
sexta-feira;SC;280;RIO NEGRINHO;Condutor deixou de manter distancia do veiculo da frente;Engavetamento;Com Vitimas Feridas;Pleno dia;Ceu Claro;4;0;1;3
sexta-feira;SC;280;RIO NEGRINHO;Conversao proibida;Colisao lateral;Com Vitimas Feridas;Pleno dia;Ceu Claro;4;0;3;2
sexta-feira;SC;101;SAO JOSE;Manobra de mudanca de faixa;Colisao traseira;Com Vitimas Feridas;Plena Noite;Nublado;2;0;1;2