dia_semana;uf;br;municipio;causa_acidente;tipo_acidente;classificacao_acidente;fase_dia;condicao_metereologica;pessoas;mortos;feridos;veiculos
sexta-feira;SC;280;GUARAMIRIM;Objeto estatico sobre o leito carrocavel;Colisao com objeto;Com Vitimas Feridas;Pleno dia;Chuva;1;0;1;1
sexta-feira;SC;470;BRUNOPOLIS;Desrespeitar a preferencia no cruzamento;Colisao transversal;Com Vitimas Feridas;Plena Noite;Garoa/Chuvisco;2;0;1;2
sabado;SC;153;IRANI;Acessar a via sem observar a presenca dos outros veiculos;Colisao transversal;Com Vitimas Feridas;Plena Noite;Ceu Claro;2;0;1;2
sabado;SC;101;ITAJAI;Ingestao de alcool e/ou substancias psicoativas pelo pedestre;Saida de leito carrocavel;Sem Vitimas;Plena Noite;Chuva;1;0;0;1
sabado;SC;282;HERVAL DOESTE;Reacao tardia ou ineficiente do condutor;Saida de leito carrocavel;Com Vitimas Feridas;Plena Noite;Nublado;30;0;17;1
sabado;SC;101;ARARANGUA;Ingestao de alcool pelo condutor;Colisao transversal;Sem Vitimas;Plena Noite;Ceu Claro;2;0;0;2
sabado;SC;282;PALHOCA;Condutor deixou de manter distancia do veiculo da frente;Colisao traseira;Com Vitimas Feridas;Pleno dia;Ceu Claro;3;0;1;2
sabado;SC;101;SOMBRIO;Condutor Dormindo;Colisao transversal;Com Vitimas Feridas;Pleno dia;Ceu Claro;2;0;1;2
sabado;SC;282;LAGES;Condutor deixou de manter distancia do veiculo da frente;Colisao traseira;Com Vitimas Feridas;Pleno dia;Ceu Claro;9;0;3;2
sabado;SC;470;CAMPOS NOVOS;Mal subito do condutor;Saida de leito carrocavel;Com Vitimas Feridas;Pleno dia;Ceu Claro;1;0;1;1
sabado;SC;101;SAO JOSE;Acessar a via sem observar a presenca dos outros veiculos;Colisao lateral;Com Vitimas Feridas;Pleno dia;Ceu Claro;2;0;2;2
sabado;SC;101;BIGUACU;Avarias e/ou desgaste excessivo no pneu;Colisao com objeto;Sem Vitimas;Pleno dia;Ceu Claro;1;0;0;1
sabado;SC;282;ALFREDO WAGNER;Velocidade Incompativel;Saida de leito carrocavel;Com Vitimas Feridas;Pleno dia;Ceu Claro;2;0;2;1
sabado;SC;101;JOINVILLE;Reacao tardia ou ineficiente do condutor;Saida de leito carrocavel;Com Vitimas Feridas;Pleno dia;Sol;3;0;3;1
sabado;SC;282;ALFREDO WAGNER;Velocidade Incompativel;Saida de leito carrocavel;Com Vitimas Feridas;Pleno dia;Ceu Claro;1;0;1;1
sabado;SC;101;SAO JOSE;Manobra de mudanca de faixa;Colisao lateral mesmo sentido;Com Vitimas Feridas;Pleno dia;Garoa/Chuvisco;2;0;1;2
sabado;SC;280;ARAQUARI;Desrespeitar a preferencia no cruzamento;Colisao transversal;Com Vitimas Feridas;Pleno dia;Ceu Claro;2;0;1;2
sabado;SC;470;CAMPOS NOVOS;Condutor Dormindo;Colisao com objeto;Com Vitimas Feridas;Pleno dia;Sol;1;0;1;1
sabado;SC;282;SAO MIGUEL DO OESTE;Acessar a via sem observar a presenca dos outros veiculos;Colisao transversal;Com Vitimas Feridas;Pleno dia;Ceu Claro;2;0;1;2
sabado;SC;101;JOINVILLE;Condutor deixou de manter distancia do veiculo da frente;Colisao lateral mesmo sentido;Com Vitimas Feridas;Pleno dia;Ceu Claro;2;0;1;2
sabado;SC;470;GASPAR;Manobra de mudanca de faixa;Colisao lateral;Com Vitimas Feridas;Pleno dia;Ceu Claro;3;0;2;2
sabado;SC;280;ARAQUARI;Acessar a via sem observar a presenca dos outros veiculos;Colisao transversal;Com Vitimas Feridas;Plena Noite;Nublado;3;0;1;3
sabado;SC;101;TUBARAO;Animais na Pista;Capotamento;Com Vitimas Feridas;Plena Noite;Nublado;2;0;1;1
sabado;SC;282;VARGEAO;Ingestao de alcool pelo condutor;Colisao lateral;Sem Vitimas;Plena Noite;Ceu Claro;2;0;0;2
sabado;SC;282;VARGEAO;Ingestao de alcool pelo condutor;Colisao frontal;Com Vitimas Feridas;Plena Noite;Ceu Claro;2;0;1;2
domingo;SC;101;SAO JOSE;Ingestao de alcool pelo condutor;Capotamento;Com Vitimas Feridas;Plena Noite;Nublado;2;0;1;1
domingo;SC;101;ICARA;Condutor usando celular;Saida de leito carrocavel;Com Vitimas Feridas;Plena Noite;Nublado;2;0;2;1
domingo;SC;101;BIGUACU;Acumulo de agua sobre o pavimento;Colisao com objeto;Sem Vitimas;Plena Noite;Nublado;2;0;0;1
domingo;SC;280;GUARAMIRIM;Ausencia de reacao do condutor;Saida de leito carrocavel;Com Vitimas Feridas;Plena Noite;Nublado;1;0;1;1
domingo;SC;101;JOINVILLE;Avarias e/ou desgaste excessivo no pneu;Saida de leito carrocavel;Sem Vitimas;Plena Noite;Nublado;1;0;0;1
domingo;SC;101;SAO JOSE;Ingestao de alcool pelo condutor;Colisao traseira;Sem Vitimas;Pleno dia;Ceu Claro;2;0;0;2
domingo;SC;101;BALNEARIO CAMBORIU;Velocidade Incompativel;Engavetamento;Sem Vitimas;Pleno dia;Ceu Claro;4;0;0;4
domingo;SC;282;CORDILHEIRA ALTA;Acumulo de areia ou detritos sobre o pavimento;Queda de ocupante de veiculo;Com Vitimas Feridas;Pleno dia;Ceu Claro;1;0;1;1
domingo;SC;101;CAPIVARI DE BAIXO;Ingestao de substancias psicoativas pelo condutor;Colisao com objeto;Com Vitimas Fatais;Pleno dia;Sol;6;2;4;1
quarta-feira;SC;101;ARARANGUA;Frear bruscamente;Tombamento;Com Vitimas Feridas;Pleno dia;Ceu Claro;1;0;1;1
domingo;SC;101;BALNEARIO PICARRAS;Avarias e/ou desgaste excessivo no pneu;Tombamento;Com Vitimas Feridas;Pleno dia;Ceu Claro;2;0;2;1
domingo;SC;101;PALHOCA;Demais falhas mecanicas ou eletricas;Incendio;Sem Vitimas;Pleno dia;Chuva;1;0;0;1
domingo;SC;280;JARAGUA DO SUL;Ingestao de alcool pelo condutor;Colisao traseira;Sem Vitimas;Pleno dia;Ceu Claro;2;0;0;2
domingo;SC;101;ICARA;Chuva;Saida de leito carrocavel;Com Vitimas Feridas;Pleno dia;Chuva;7;0;6;1
domingo;SC;101;BARRA VELHA;Velocidade Incompativel;Colisao lateral;Com Vitimas Feridas;Pleno dia;Nublado;2;0;1;2
domingo;SC;101;PAULO LOPES;Chuva;Colisao com objeto;Com Vitimas Feridas;Pleno dia;Chuva;2;0;1;1
domingo;SC;101;ITAPEMA;Ingestao de alcool pelo condutor;Colisao lateral;Sem Vitimas;Pleno dia;Ceu Claro;1;0;0;1
domingo;SC;282;XANXERE;Condutor deixou de manter distancia do veiculo da frente;Colisao traseira;Com Vitimas Feridas;Pleno dia;Sol;3;0;2;2
domingo;SC;101;ARARANGUA;Ingestao de alcool pelo condutor;Colisao transversal;Com Vitimas Feridas;Pleno dia;Ceu Claro;4;0;2;2
domingo;SC;470;NAVEGANTES;Manobra de mudanca de faixa;Colisao traseira;Com Vitimas Feridas;Plena Noite;Ceu Claro;3;0;1;2
domingo;SC;158;CAIBI;Velocidade Incompativel;Saida de leito carrocavel;Sem Vitimas;Plena Noite;Ceu Claro;1;0;0;1
domingo;SC;470;GASPAR;Ausencia de reacao do condutor;Saida de leito carrocavel;Sem Vitimas;Plena Noite;Garoa/Chuvisco;1;0;0;1
domingo;SC;101;PALHOCA;Acessar a via sem observar a presenca dos outros veiculos;Colisao lateral mesmo sentido;Com Vitimas Feridas;Plena Noite;Nublado;2;0;1;2
domingo;SC;282;HERVAL DOESTE;Condutor deixou de manter distancia do veiculo da frente;Colisao traseira;Com Vitimas Feridas;Plena Noite;Ceu Claro;3;0;2;2
domingo;SC;280;GUARAMIRIM;Falta de elemento de contencao que evite a saida do leito carrocavel;Saida de leito carrocavel;Com Vitimas Feridas;Plena Noite;Nublado;2;0;2;1
domingo;SC;282;CATANDUVAS;Ingestao de alcool pelo condutor;Colisao traseira;Com Vitimas Feridas;Plena Noite;Ceu Claro;4;0;1;2
domingo;SC;282;PONTE SERRADA;Carga excessiva e/ou mal acondicionada;Saida de leito carrocavel;Com Vitimas Feridas;Pleno dia;Ceu Claro;2;0;2;1
segunda-feira;SC;101;BIGUACU;Condutor Dormindo;Colisao com objeto;Com Vitimas Feridas;Plena Noite;Ceu Claro;1;0;1;1
segunda-feira;SC;101;BALNEARIO CAMBORIU;Condutor Dormindo;Colisao lateral mesmo sentido;Com Vitimas Feridas;Pleno dia;Ceu Claro;3;0;1;2
segunda-feira;SC;101;SANGAO;Ausencia de reacao do condutor;Colisao traseira;Com Vitimas Feridas;Pleno dia;Ceu Claro;2;0;1;2
segunda-feira;SC;101;GARUVA;Demais falhas mecanicas ou eletricas;Saida de leito carrocavel;Com Vitimas Feridas;Pleno dia;Ceu Claro;1;0;1;1
segunda-feira;SC;101;JOINVILLE;Demais falhas mecanicas ou eletricas;Colisao lateral sentido oposto;Com Vitimas Feridas;Pleno dia;Ceu Claro;3;0;1;2
segunda-feira;SC;101;SAO JOSE;Reacao tardia ou ineficiente do condutor;Colisao traseira;Com Vitimas Feridas;Pleno dia;Nublado;2;0;1;2
segunda-feira;SC;470;BLUMENAU;Trafegar com motocicleta (ou similar) entre as faixas;Colisao lateral mesmo sentido;Com Vitimas Feridas;Pleno dia;Sol;2;0;1;2
segunda-feira;SC;282;CORDILHEIRA ALTA;Transitar na contramao;Colisao frontal;Com Vitimas Feridas;Pleno dia;Ceu Claro;3;0;2;3
segunda-feira;SC;101;TUBARAO;Acessar a via sem observar a presenca dos outros veiculos;Colisao lateral;Com Vitimas Feridas;Pleno dia;Ceu Claro;3;0;1;2
segunda-feira;SC;101;PALHOCA;Trafegar com motocicleta (ou similar) entre as faixas;Colisao lateral;Com Vitimas Feridas;Pleno dia;Nublado;2;0;1;2
segunda-feira;SC;116;PAPANDUVA;Ultrapassagem Indevida;Colisao lateral mesmo sentido;Sem Vitimas;Pleno dia;Chuva;2;0;0;2
segunda-feira;SC;116;PAPANDUVA;Ultrapassagem Indevida;Colisao frontal;Com Vitimas Feridas;Pleno dia;Nublado;3;0;1;3
segunda-feira;SC;101;TUBARAO;Desrespeitar a preferencia no cruzamento;Colisao transversal;Com Vitimas Feridas;Plena Noite;Ceu Claro;2;0;1;2
segunda-feira;SC;163;SAO JOSE DO CEDRO;Condutor deixou de manter distancia do veiculo da frente;Colisao frontal;Com Vitimas Feridas;Pleno dia;Ceu Claro;4;0;2;2
segunda-feira;SC;101;BARRA VELHA;Restricao de visibilidade em curvas verticais;Colisao frontal;Com Vitimas Feridas;Plena Noite;Chuva;3;0;3;3
terca-feira;SC;101;IMBITUBA;Condutor Dormindo;Colisao traseira;Com Vitimas Feridas;Plena Noite;Ceu Claro;4;0;2;2
terca-feira;SC;470;BLUMENAU;Acessar a via sem observar a presenca dos outros veiculos;Colisao com objeto;Com Vitimas Feridas;Pleno dia;Ceu Claro;3;0;2;2
terca-feira;SC;101;SAO JOSE;Condutor deixou de manter distancia do veiculo da frente;Colisao traseira;Com Vitimas Feridas;Pleno dia;Ceu Claro;2;0;1;2
terca-feira;SC;101;ITAPEMA;Condutor deixou de manter distancia do veiculo da frente;Colisao lateral mesmo sentido;Com Vitimas Feridas;Pleno dia;Ceu Claro;2;0;1;2
terca-feira;SC;116;SAO CRISTOVAO DO SUL;Demais falhas mecanicas ou eletricas;Tombamento;Sem Vitimas;Pleno dia;Sol;1;0;0;1
terca-feira;SC;101;JOINVILLE;Reacao tardia ou ineficiente do condutor;Colisao traseira;Com Vitimas Feridas;Pleno dia;Ceu Claro;3;0;1;2
segunda-feira;SC;101;PALHOCA;Manobra de mudanca de faixa;Queda de ocupante de veiculo;Com Vitimas Feridas;Pleno dia;Ceu Claro;3;0;2;2
terca-feira;SC;470;BLUMENAU;Condutor deixou de manter distancia do veiculo da frente;Colisao traseira;Com Vitimas Feridas;Pleno dia;Ceu Claro;2;0;1;2
terca-feira;SC;101;PAULO LOPES;Demais falhas mecanicas ou eletricas;Incendio;Sem Vitimas;Pleno dia;Ceu Claro;2;0;0;1
terca-feira;SC;101;BIGUACU;Reacao tardia ou ineficiente do condutor;Saida de leito carrocavel;Sem Vitimas;Pleno dia;Nublado;2;0;0;2
terca-feira;SC;101;JOINVILLE;Reacao tardia ou ineficiente do condutor;Colisao transversal;Com Vitimas Feridas;Pleno dia;Ceu Claro;2;0;1;2
terca-feira;SC;101;SANGAO;Condutor Dormindo;Saida de leito carrocavel;Com Vitimas Feridas;Pleno dia;Garoa/Chuvisco;2;0;2;1
terca-feira;SC;116;MAFRA;Condutor Dormindo;Saida de leito carrocavel;Com Vitimas Feridas;Pleno dia;Ceu Claro;2;0;1;2
sexta-feira;SC;282;AGUAS MORNAS;Condutor Dormindo;Capotamento;Com Vitimas Feridas;Pleno dia;Chuva;2;0;1;2
terca-feira;SC;470;POUSO REDONDO;Acessar a via sem observar a presenca dos outros veiculos;Colisao transversal;Com Vitimas Feridas;Pleno dia;Sol;3;0;1;2
terca-feira;SC;470;INDAIAL;Acesso irregular;Colisao transversal;Com Vitimas Feridas;Plena Noite;Ceu Claro;3;0;2;2
terca-feira;SC;282;BOM RETIRO;Animais na Pista;Atropelamento de Animal;Sem Vitimas;Plena Noite;Ceu Claro;3;0;0;2
terca-feira;SC;282;ERVAL VELHO;Ingestao de alcool pelo condutor;Colisao transversal;Sem Vitimas;Anoitecer;Ceu Claro;2;0;0;2
terca-feira;SC;282;JOACABA;Ausencia de reacao do condutor;Colisao lateral sentido oposto;Com Vitimas Feridas;Pleno dia;Ceu Claro;2;0;1;2
terca-feira;SC;101;PAULO LOPES;Demais falhas mecanicas ou eletricas;Incendio;Sem Vitimas;Plena Noite;Ceu Claro;1;0;0;1
quarta-feira;SC;280;JARAGUA DO SUL;Velocidade Incompativel;Colisao traseira;Com Vitimas Feridas;Plena Noite;Nublado;3;0;2;2
quarta-feira;SC;101;SAO JOSE;Pedestre andava na pista;Atropelamento de Pedestre;Com Vitimas Feridas;Plena Noite;Ceu Claro;2;0;1;1
quarta-feira;SC;101;TIJUCAS;Mal subito do condutor;Tombamento;Com Vitimas Feridas;Amanhecer;Ceu Claro;1;0;1;1
quarta-feira;SC;101;LAGUNA;Carga excessiva e/ou mal acondicionada;Tombamento;Sem Vitimas;Pleno dia;Ceu Claro;1;0;0;1
quarta-feira;SC;101;JOINVILLE;Acessar a via sem observar a presenca dos outros veiculos;Colisao lateral;Com Vitimas Feridas;Pleno dia;Ceu Claro;2;0;1;2
quarta-feira;SC;101;TUBARAO;Condutor deixou de manter distancia do veiculo da frente;Colisao traseira;Com Vitimas Feridas;Pleno dia;Sol;2;0;1;2
quarta-feira;SC;101;JOINVILLE;Reacao tardia ou ineficiente do condutor;Colisao transversal;Com Vitimas Feridas;Pleno dia;Ceu Claro;2;0;1;2
quarta-feira;SC;101;JOINVILLE;Demais falhas mecanicas ou eletricas;Incendio;Sem Vitimas;Pleno dia;Sol;1;0;0;1
quarta-feira;SC;280;GUARAMIRIM;Retorno proibido;Colisao transversal;Com Vitimas Feridas;Pleno dia;Sol;2;0;1;2
quarta-feira;SC;101;SAO JOSE;Manobra de mudanca de faixa;Colisao lateral;Com Vitimas Feridas;Pleno dia;Ceu Claro;3;0;1;3
quarta-feira;SC;101;PALHOCA;Condutor deixou de manter distancia do veiculo da frente;Colisao traseira;Com Vitimas Feridas;Plena Noite;Ceu Claro;2;0;1;2
quarta-feira;SC;282;LAGES;Desrespeitar a preferencia no cruzamento;Colisao transversal;Com Vitimas Feridas;Plena Noite;Ceu Claro;2;0;1;2
quarta-feira;SC;101;JOINVILLE;Reacao tardia ou ineficiente do condutor;Queda de ocupante de veiculo;Com Vitimas Feridas;Plena Noite;Ceu Claro;1;0;1;1
quarta-feira;SC;163;DIONISIO CERQUEIRA;Acessar a via sem observar a presenca dos outros veiculos;Colisao transversal;Com Vitimas Feridas;Pleno dia;Ceu Claro;3;0;2;2
quarta-feira;SC;101;JOINVILLE;Carga excessiva e/ou mal acondicionada;Colisao com objeto;Com Vitimas Feridas;Plena Noite;Nublado;2;0;1;2
quinta-feira;SC;470;INDAIAL;Transitar na contramao;Colisao frontal;Com Vitimas Feridas;Amanhecer;Sol;2;0;1;2
quinta-feira;SC;470;BLUMENAU;Conversao proibida;Colisao transversal;Com Vitimas Feridas;Pleno dia;Ceu Claro;2;0;1;2
quinta-feira;SC;116;SANTA CECILIA;Velocidade Incompativel;Tombamento;Com Vitimas Feridas;Plena Noite;Ceu Claro;1;0;1;1
quinta-feira;SC;101;ITAPEMA;Problema com o freio;Colisao traseira;Com Vitimas Feridas;Pleno dia;Sol;2;0;1;2
quinta-feira;SC;101;JOINVILLE;Ingestao de alcool pelo condutor;Colisao com objeto;Sem Vitimas;Pleno dia;Ceu Claro;1;0;0;1
quinta-feira;SC;101;ARARANGUA;Reacao tardia ou ineficiente do condutor;Saida de leito carrocavel;Com Vitimas Feridas;Pleno dia;Ceu Claro;1;0;1;1
quinta-feira;SC;280;JARAGUA DO SUL;Acessar a via sem observar a presenca dos outros veiculos;Colisao transversal;Com Vitimas Feridas;Pleno dia;Ceu Claro;1;0;1;1
quinta-feira;SC;470;APIUNA;Carga excessiva e/ou mal acondicionada;Colisao com objeto;Sem Vitimas;Pleno dia;Ceu Claro;1;0;0;1
quinta-feira;SC;116;SANTA CECILIA;Mal subito do condutor;Colisao traseira;Com Vitimas Feridas;Pleno dia;Ceu Claro;3;0;2;2
quinta-feira;SC;101;SAO JOSE;Trafegar com motocicleta (ou similar) entre as faixas;Colisao lateral;Com Vitimas Feridas;Pleno dia;Ceu Claro;3;0;1;3
quinta-feira;SC;282;FLORIANOPOLIS;Condutor deixou de manter distancia do veiculo da frente;Colisao traseira;Com Vitimas Feridas;Plena Noite;Ceu Claro;2;0;1;2
quinta-feira;SC;101;PORTO BELO;Velocidade Incompativel;Queda de ocupante de veiculo;Com Vitimas Feridas;Plena Noite;Ceu Claro;1;0;1;1
quinta-feira;SC;101;PORTO BELO;Ausencia de reacao do condutor;Colisao lateral;Com Vitimas Feridas;Plena Noite;Ceu Claro;2;0;1;2
quinta-feira;SC;101;ITAPEMA;Condutor deixou de manter distancia do veiculo da frente;Colisao traseira;Com Vitimas Feridas;Pleno dia;Sol;6;0;2;4
quinta-feira;SC;116;SANTA CECILIA;Desrespeitar a preferencia no cruzamento;Colisao transversal;Com Vitimas Feridas;Plena Noite;Ceu Claro;3;0;3;2
quinta-feira;SC;101;ITAPEMA;Animais na Pista;Atropelamento de Animal;Com Vitimas Feridas;Plena Noite;Ceu Claro;1;0;1;1
quinta-feira;SC;163;GUARACIABA;Pista esburacada;Tombamento;Com Vitimas Feridas;Plena Noite;Ceu Claro;1;0;1;1
quinta-feira;SC;282;PONTE SERRADA;Velocidade Incompativel;Tombamento;Com Vitimas Feridas;Plena Noite;Nublado;1;0;1;1
sexta-feira;SC;282;PINHALZINHO;Ingestao de alcool pelo condutor;Colisao frontal;Com Vitimas Feridas;Plena Noite;Ceu Claro;2;0;2;2
sexta-feira;SC;116;MAFRA;Acessar a via sem observar a presenca dos outros veiculos;Colisao transversal;Com Vitimas Feridas;Pleno dia;Nublado;2;0;1;2
sexta-feira;SC;470;RODEIO;Velocidade Incompativel;Colisao transversal;Com Vitimas Feridas;Pleno dia;Sol;2;0;1;2
sexta-feira;SC;470;INDAIAL;Ultrapassagem Indevida;Colisao transversal;Com Vitimas Feridas;Pleno dia;Chuva;3;0;2;2
sexta-feira;SC;101;ARAQUARI;Condutor deixou de manter distancia do veiculo da frente;Colisao traseira;Com Vitimas Feridas;Pleno dia;Ceu Claro;3;0;1;3
sexta-feira;SC;470;POUSO REDONDO;Desrespeitar a preferencia no cruzamento;Colisao transversal;Com Vitimas Feridas;Amanhecer;Ceu Claro;2;0;1;2
domingo;SC;470;POUSO REDONDO;Acessar a via sem observar a presenca dos outros veiculos;Colisao transversal;Com Vitimas Feridas;Pleno dia;Ceu Claro;3;0;3;2
quinta-feira;SC;101;ITAJAI;Velocidade Incompativel;Colisao traseira;Com Vitimas Feridas;Pleno dia;Nublado;2;0;1;2
sexta-feira;SC;101;BALNEARIO CAMBORIU;Desrespeitar a preferencia no cruzamento;Colisao transversal;Com Vitimas Feridas;Pleno dia;Ceu Claro;2;0;2;2
sexta-feira;SC;282;ALFREDO WAGNER;Condutor Dormindo;Saida de leito carrocavel;Com Vitimas Feridas;Pleno dia;Ceu Claro;2;0;1;1
sexta-feira;SC;470;CAMPOS NOVOS;Ultrapassagem Indevida;Colisao frontal;Com Vitimas Feridas;Pleno dia;Ceu Claro;3;0;1;2
sexta-feira;SC;101;ITAPEMA;Manobra de mudanca de faixa;Colisao lateral;Com Vitimas Feridas;Pleno dia;Ceu Claro;2;0;1;2
sexta-feira;SC;101;BALNEARIO CAMBORIU;Manobra de mudanca de faixa;Colisao lateral mesmo sentido;Com Vitimas Feridas;Pleno dia;Ceu Claro;2;0;1;2
sexta-feira;SC;282;XAXIM;Manobra de mudanca de faixa;Colisao lateral mesmo sentido;Sem Vitimas;Pleno dia;Sol;2;0;0;2
sexta-feira;SC;101;PORTO BELO;Condutor deixou de manter distancia do veiculo da frente;Colisao traseira;Com Vitimas Feridas;Pleno dia;Ceu Claro;2;0;1;2
sexta-feira;SC;101;PENHA;Ingestao de alcool pelo condutor;Colisao traseira;Sem Vitimas;Pleno dia;Ceu Claro;2;0;0;2
sexta-feira;SC;101;ITAJAI;Trafegar com motocicleta (ou similar) entre as faixas;Colisao lateral;Com Vitimas Feridas;Plena Noite;Ceu Claro;3;0;2;2
sexta-feira;SC;470;APIUNA;Velocidade Incompativel;Saida de leito carrocavel;Com Vitimas Feridas;Pleno dia;Sol;1;0;1;1
sexta-feira;SC;101;SAO JOSE;Manobra de mudanca de faixa;Colisao traseira;Com Vitimas Feridas;Pleno dia;Ceu Claro;2;0;1;2
sexta-feira;SC;101;TUBARAO;Ingestao de alcool pelo condutor;Saida de leito carrocavel;Sem Vitimas;Plena Noite;Ceu Claro;1;0;0;1
sexta-feira;SC;470;APIUNA;Ingestao de alcool pelo condutor;Colisao lateral sentido oposto;Com Vitimas Feridas;Pleno dia;Nublado;2;0;1;2
sexta-feira;SC;282;NOVA ERECHIM;Manobra de mudanca de faixa;Colisao lateral sentido oposto;Com Vitimas Feridas;Plena Noite;Ceu Claro;2;0;1;2
sabado;SC;101;LAGUNA;Ingestao de alcool pelo condutor;Colisao lateral mesmo sentido;Sem Vitimas;Amanhecer;Ceu Claro;2;0;0;2
sabado;SC;101;ITAPEMA;Condutor Dormindo;Colisao traseira;Com Vitimas Feridas;Plena Noite;Ceu Claro;4;0;1;4
sabado;SC;470;GASPAR;Velocidade Incompativel;Colisao frontal;Com Vitimas Feridas;Pleno dia;Ceu Claro;4;0;4;2
sabado;SC;101;TUBARAO;Ausencia de reacao do condutor;Colisao traseira;Com Vitimas Feridas;Plena Noite;Ceu Claro;2;0;2;2
sabado;SC;101;PALHOCA;Ingestao de alcool pelo condutor;Saida de leito carrocavel;Com Vitimas Feridas;Pleno dia;Ceu Claro;1;0;1;1
sabado;SC;101;PALHOCA;Desrespeitar a preferencia no cruzamento;Colisao transversal;Com Vitimas Feridas;Pleno dia;Ceu Claro;3;0;2;2
sabado;SC;282;AGUAS MORNAS;Conversao proibida;Colisao transversal;Com Vitimas Feridas;Pleno dia;Ceu Claro;3;0;2;2
sabado;SC;282;PALHOCA;Acessar a via sem observar a presenca dos outros veiculos;Colisao transversal;Com Vitimas Feridas;Pleno dia;Ceu Claro;2;0;2;2
sabado;SC;101;SAO JOSE;Velocidade Incompativel;Queda de ocupante de veiculo;Com Vitimas Feridas;Pleno dia;Sol;2;0;2;1
sabado;SC;101;IMBITUBA;Velocidade Incompativel;Colisao traseira;Com Vitimas Feridas;Pleno dia;Ceu Claro;3;0;1;2
sabado;SC;163;SAO MIGUEL DO OESTE;Retorno proibido;Colisao transversal;Com Vitimas Feridas;Pleno dia;Ceu Claro;2;0;1;2
sabado;SC;101;ARAQUARI;Ingestao de alcool pelo condutor;Colisao traseira;Sem Vitimas;Pleno dia;Sol;3;0;0;3
sabado;SC;101;ICARA;Manobra de mudanca de faixa;Saida de leito carrocavel;Com Vitimas Feridas;Pleno dia;Ceu Claro;2;0;1;1
sabado;SC;163;SAO MIGUEL DO OESTE;Manobra de mudanca de faixa;Colisao lateral;Com Vitimas Feridas;Pleno dia;Ceu Claro;2;0;1;2
sabado;SC;101;ITAJAI;Ausencia de reacao do condutor;Queda de ocupante de veiculo;Com Vitimas Feridas;Pleno dia;Ceu Claro;1;0;1;1
sabado;SC;101;ARARANGUA;Ausencia de reacao do condutor;Saida de leito carrocavel;Com Vitimas Feridas;Pleno dia;Ceu Claro;1;0;1;1
sabado;SC;280;JARAGUA DO SUL;Velocidade Incompativel;Colisao com objeto;Com Vitimas Feridas;Pleno dia;Sol;1;0;1;1
sabado;SC;470;CAMPOS NOVOS;Velocidade Incompativel;Saida de leito carrocavel;Com Vitimas Feridas;Pleno dia;Ceu Claro;1;0;1;1
sabado;SC;470;RIO DO SUL;Ingestao de alcool pelo condutor;Colisao frontal;Com Vitimas Feridas;Anoitecer;Ceu Claro;2;0;1;2
sabado;SC;101;BARRA VELHA;Ingestao de alcool pelo condutor;Colisao transversal;Com Vitimas Feridas;Plena Noite;Ceu Claro;2;0;1;2
sabado;SC;101;ITAJAI;Ausencia de reacao do condutor;Colisao lateral;Com Vitimas Feridas;Plena Noite;Ceu Claro;2;0;1;2
sabado;SC;470;NAVEGANTES;Ultrapassagem Indevida;Colisao frontal;Com Vitimas Feridas;Plena Noite;Ceu Claro;5;0;3;3
sabado;SC;470;INDAIAL;Demais falhas mecanicas ou eletricas;Incendio;Sem Vitimas;Plena Noite;Ceu Claro;1;0;0;1
sabado;SC;470;INDAIAL;Retorno proibido;Colisao transversal;Com Vitimas Feridas;Plena Noite;Ceu Claro;3;0;2;2
domingo;SC;470;GASPAR;Ausencia de reacao do condutor;Tombamento;Com Vitimas Feridas;Plena Noite;Ceu Claro;2;0;2;1
sabado;SC;282;ERVAL VELHO;Ingestao de alcool pelo condutor;Colisao lateral;Com Vitimas Feridas;Plena Noite;Ceu Claro;6;0;2;3
domingo;SC;101;BIGUACU;Mal subito do condutor;Saida de leito carrocavel;Com Vitimas Feridas;Plena Noite;Nublado;1;0;1;1
sabado;SC;116;SANTA CECILIA;Retorno proibido;Queda de ocupante de veiculo;Com Vitimas Feridas;Plena Noite;Ceu Claro;1;0;1;1
domingo;SC;282;DESCANSO;Ingestao de alcool pelo condutor;Saida de leito carrocavel;Com Vitimas Feridas;Plena Noite;Ceu Claro;4;0;4;1
sexta-feira;SC;101;ARAQUARI;Condutor deixou de manter distancia do veiculo da frente;Colisao traseira;Com Vitimas Feridas;Anoitecer;Ceu Claro;2;0;1;2
domingo;SC;101;JOINVILLE;Condutor deixou de manter distancia do veiculo da frente;Colisao traseira;Com Vitimas Feridas;Pleno dia;Sol;1;0;1;1
domingo;SC;101;PALHOCA;Condutor deixou de manter distancia do veiculo da frente;Colisao traseira;Com Vitimas Feridas;Pleno dia;Sol;4;0;2;3
domingo;SC;101;PALHOCA;Avarias e/ou desgaste excessivo no pneu;Tombamento;Com Vitimas Feridas;Pleno dia;Ceu Claro;2;0;1;1
domingo;SC;101;PALHOCA;Demais falhas mecanicas ou eletricas;Tombamento;Com Vitimas Feridas;Pleno dia;Ceu Claro;2;0;2;1
domingo;SC;470;NAVEGANTES;Acesso irregular;Colisao transversal;Sem Vitimas;Pleno dia;Nublado;2;0;0;2
domingo;SC;101;BIGUACU;Condutor deixou de manter distancia do veiculo da frente;Colisao traseira;Com Vitimas Feridas;Pleno dia;Ceu Claro;4;0;2;3