dia_semana;uf;br;municipio;causa_acidente;tipo_acidente;classificacao_acidente;fase_dia;condicao_metereologica;pessoas;mortos;feridos;veiculos
terca-feira;SC;280;JARAGUA DO SUL;Acessar a via sem observar a presenca dos outros veiculos;Colisao transversal;Com Vitimas Feridas;Pleno dia;Ceu Claro;2;0;1;2
terca-feira;SC;280;ARAQUARI;Trafegar com motocicleta (ou similar) entre as faixas;Colisao frontal;Com Vitimas Feridas;Pleno dia;Garoa/Chuvisco;3;0;1;2
terca-feira;SC;101;GARUVA;Reacao tardia ou ineficiente do condutor;Tombamento;Com Vitimas Feridas;Pleno dia;Nublado;1;0;1;1
terca-feira;SC;163;GUARACIABA;Condutor deixou de manter distancia do veiculo da frente;Colisao traseira;Com Vitimas Feridas;Pleno dia;Ceu Claro;2;0;1;2
terca-feira;SC;101;BIGUACU;Entrada inopinada do pedestre;Atropelamento de Pedestre;Com Vitimas Feridas;Plena Noite;Ceu Claro;2;0;1;1
terca-feira;SC;101;JOINVILLE;Demais falhas mecanicas ou eletricas;Incendio;Sem Vitimas;Plena Noite;Chuva;1;0;0;1
terca-feira;SC;280;IRINEOPOLIS;Acesso irregular;Colisao transversal;Com Vitimas Fatais;Plena Noite;Nublado;2;1;0;2
quarta-feira;SC;101;SAO JOSE;Condutor Dormindo;Colisao com objeto;Sem Vitimas;Amanhecer;Ceu Claro;1;0;0;1
quarta-feira;SC;470;RIO DO SUL;Velocidade Incompativel;Queda de ocupante de veiculo;Com Vitimas Feridas;Amanhecer;Nublado;1;0;1;1
quarta-feira;SC;282;LAGES;Velocidade Incompativel;Colisao lateral mesmo sentido;Sem Vitimas;Amanhecer;Nublado;2;0;0;2
quarta-feira;SC;101;BALNEARIO CAMBORIU;Reacao tardia ou ineficiente do condutor;Tombamento;Com Vitimas Feridas;Pleno dia;Nublado;1;0;1;1
quarta-feira;SC;101;ITAJAI;Desrespeitar a preferencia no cruzamento;Colisao transversal;Com Vitimas Feridas;Pleno dia;Ceu Claro;2;0;2;2
sexta-feira;SC;163;SAO MIGUEL DO OESTE;Condutor deixou de manter distancia do veiculo da frente;Colisao traseira;Com Vitimas Feridas;Pleno dia;Sol;4;0;2;3
quarta-feira;SC;101;ARAQUARI;Velocidade Incompativel;Saida de leito carrocavel;Com Vitimas Feridas;Pleno dia;Ceu Claro;1;0;1;1
quinta-feira;SC;480;CHAPECO;Desrespeitar a preferencia no cruzamento;Colisao frontal;Com Vitimas Feridas;Pleno dia;Ceu Claro;2;0;1;2
quarta-feira;SC;101;ITAJAI;Pedestre andava na pista;Colisao com objeto;Sem Vitimas;Pleno dia;Ceu Claro;1;0;0;1
quarta-feira;SC;101;PALHOCA;Ausencia de reacao do condutor;Queda de ocupante de veiculo;Com Vitimas Feridas;Pleno dia;Ceu Claro;1;0;1;1
quarta-feira;SC;470;GASPAR;Ausencia de sinalizacao;Colisao transversal;Com Vitimas Feridas;Pleno dia;Ceu Claro;5;0;4;3
quarta-feira;SC;280;ARAQUARI;Acessar a via sem observar a presenca dos outros veiculos;Colisao transversal;Com Vitimas Feridas;Pleno dia;Ceu Claro;2;0;2;2
quarta-feira;SC;470;GASPAR;Desrespeitar a preferencia no cruzamento;Colisao transversal;Com Vitimas Feridas;Pleno dia;Sol;5;0;4;3
quarta-feira;SC;470;BLUMENAU;Ausencia de reacao do condutor;Colisao transversal;Sem Vitimas;Pleno dia;Ceu Claro;2;0;0;2
quarta-feira;SC;101;TUBARAO;Acumulo de oleo sobre o pavimento;Tombamento;Com Vitimas Feridas;Plena Noite;Ceu Claro;1;0;1;1
quarta-feira;SC;101;TUBARAO;Desrespeitar a preferencia no cruzamento;Colisao transversal;Com Vitimas Feridas;Amanhecer;Ceu Claro;2;0;1;2
quarta-feira;SC;101;BALNEARIO CAMBORIU;Manobra de mudanca de faixa;Colisao lateral mesmo sentido;Com Vitimas Feridas;Anoitecer;Garoa/Chuvisco;2;0;1;2
quarta-feira;SC;101;ITAPEMA;Condutor deixou de manter distancia do veiculo da frente;Colisao traseira;Com Vitimas Feridas;Plena Noite;Chuva;4;0;1;3
quarta-feira;SC;101;JOINVILLE;Acessar a via sem observar a presenca dos outros veiculos;Atropelamento de Pedestre;Com Vitimas Feridas;Plena Noite;Nublado;2;0;1;1
quarta-feira;SC;470;BLUMENAU;Transitar na contramao;Colisao frontal;Com Vitimas Feridas;Plena Noite;Nublado;2;0;1;2
quarta-feira;SC;282;PINHALZINHO;Velocidade Incompativel;Tombamento;Com Vitimas Feridas;Anoitecer;Ceu Claro;2;0;2;1
quarta-feira;SC;101;BALNEARIO CAMBORIU;Chuva;Saida de leito carrocavel;Com Vitimas Feridas;Plena Noite;Chuva;1;0;1;1
quarta-feira;SC;101;BALNEARIO CAMBORIU;Ausencia de reacao do condutor;Colisao traseira;Com Vitimas Fatais;Plena Noite;Chuva;3;1;1;2
quinta-feira;SC;101;ITAJAI;Objeto estatico sobre o leito carrocavel;Colisao com objeto;Com Vitimas Feridas;Plena Noite;Ceu Claro;2;0;2;1
quinta-feira;SC;101;ITAJAI;Restricao de visibilidade em curvas verticais;Colisao traseira;Com Vitimas Feridas;Pleno dia;Ceu Claro;3;0;2;2
quinta-feira;SC;101;ITAPEMA;Avarias e/ou desgaste excessivo no pneu;Colisao lateral mesmo sentido;Com Vitimas Feridas;Pleno dia;Ceu Claro;2;0;2;2
quinta-feira;SC;101;PALHOCA;Chuva;Colisao com objeto;Com Vitimas Feridas;Pleno dia;Chuva;2;0;1;1
quinta-feira;SC;101;SAO JOSE;Reacao tardia ou ineficiente do condutor;Colisao traseira;Com Vitimas Feridas;Pleno dia;Chuva;2;0;1;2
quinta-feira;SC;101;ITAJAI;Condutor deixou de manter distancia do veiculo da frente;Colisao traseira;Com Vitimas Feridas;Pleno dia;Chuva;3;0;2;2
quinta-feira;SC;101;JOINVILLE;Condutor Dormindo;Colisao lateral mesmo sentido;Sem Vitimas;Pleno dia;Ceu Claro;2;0;0;2
quarta-feira;SC;101;PALHOCA;Ausencia de reacao do condutor;Tombamento;Com Vitimas Feridas;Plena Noite;Nublado;1;0;1;1
quinta-feira;SC;101;PALHOCA;Demais falhas mecanicas ou eletricas;Tombamento;Com Vitimas Feridas;Pleno dia;Chuva;2;0;1;1
quinta-feira;SC;101;BALNEARIO CAMBORIU;Condutor deixou de manter distancia do veiculo da frente;Colisao traseira;Com Vitimas Feridas;Pleno dia;Nublado;2;0;1;2
quinta-feira;SC;101;CAPIVARI DE BAIXO;Reacao tardia ou ineficiente do condutor;Colisao com objeto;Com Vitimas Feridas;Pleno dia;Sol;5;0;4;2
quinta-feira;SC;470;NAVEGANTES;Conversao proibida;Colisao transversal;Com Vitimas Feridas;Pleno dia;Ceu Claro;2;0;1;2
quinta-feira;SC;101;JOINVILLE;Reacao tardia ou ineficiente do condutor;Colisao com objeto;Com Vitimas Feridas;Pleno dia;Garoa/Chuvisco;1;0;1;1
quinta-feira;SC;101;SAO JOSE;Ausencia de reacao do condutor;Queda de ocupante de veiculo;Com Vitimas Feridas;Pleno dia;Ceu Claro;1;0;1;1
quinta-feira;SC;116;MAFRA;Frear bruscamente;Colisao lateral mesmo sentido;Com Vitimas Feridas;Pleno dia;Ceu Claro;3;0;1;2
quinta-feira;SC;101;BALNEARIO CAMBORIU;Condutor deixou de manter distancia do veiculo da frente;Colisao traseira;Com Vitimas Feridas;Pleno dia;Ceu Claro;2;0;1;2
quinta-feira;SC;282;AGUAS MORNAS;Velocidade Incompativel;Saida de leito carrocavel;Sem Vitimas;Pleno dia;Chuva;1;0;0;1
quinta-feira;SC;101;SAO JOSE;Reacao tardia ou ineficiente do condutor;Colisao lateral mesmo sentido;Com Vitimas Feridas;Plena Noite;Ceu Claro;4;0;1;4
quinta-feira;SC;116;CAPAO ALTO;Mal subito do condutor;Colisao com objeto;Com Vitimas Feridas;Plena Noite;Nublado;1;0;1;1
quinta-feira;SC;101;BALNEARIO CAMBORIU;Reacao tardia ou ineficiente do condutor;Tombamento;Com Vitimas Feridas;Anoitecer;Nublado;1;0;1;1
quinta-feira;SC;101;PENHA;Condutor deixou de manter distancia do veiculo da frente;Colisao traseira;Com Vitimas Feridas;Plena Noite;Nublado;2;0;1;2
quinta-feira;SC;280;JARAGUA DO SUL;Reacao tardia ou ineficiente do condutor;Saida de leito carrocavel;Com Vitimas Feridas;Pleno dia;Ceu Claro;4;0;4;1
sexta-feira;SC;101;ICARA;Acessar a via sem observar a presenca dos outros veiculos;Colisao lateral sentido oposto;Com Vitimas Feridas;Plena Noite;Ceu Claro;2;0;1;2
sexta-feira;SC;470;RIO DO SUL;Ausencia de reacao do condutor;Colisao transversal;Com Vitimas Fatais;Plena Noite;Nublado;6;1;3;2
sexta-feira;SC;101;BIGUACU;Reacao tardia ou ineficiente do condutor;Colisao traseira;Com Vitimas Feridas;Pleno dia;Sol;2;0;1;2
sexta-feira;SC;101;SAO JOSE;Manobra de mudanca de faixa;Colisao lateral mesmo sentido;Sem Vitimas;Pleno dia;Sol;2;0;0;2
sexta-feira;SC;470;INDAIAL;Acessar a via sem observar a presenca dos outros veiculos;Colisao transversal;Com Vitimas Feridas;Pleno dia;Sol;2;0;1;2
quinta-feira;SC;101;BIGUACU;Acessar a via sem observar a presenca dos outros veiculos;Colisao lateral;Com Vitimas Fatais;Plena Noite;Ceu Claro;3;1;0;2
sexta-feira;SC;280;GUARAMIRIM;Condutor deixou de manter distancia do veiculo da frente;Colisao traseira;Com Vitimas Feridas;Anoitecer;Nublado;3;0;1;3
sexta-feira;SC;280;CORUPA;Manobra de mudanca de faixa;Colisao transversal;Com Vitimas Feridas;Pleno dia;Nublado;1;0;1;1
sexta-feira;SC;280;RIO NEGRINHO;Desrespeitar a preferencia no cruzamento;Colisao transversal;Com Vitimas Feridas;Pleno dia;Ceu Claro;2;0;1;2
sexta-feira;SC;470;NAVEGANTES;Ingestao de alcool ou de substancias psicoativas pelo pedestre;Atropelamento de Pedestre;Com Vitimas Feridas;Plena Noite;Nublado;2;0;2;1
sexta-feira;SC;101;ICARA;Ultrapassagem Indevida;Colisao frontal;Com Vitimas Feridas;Plena Noite;Ceu Claro;3;0;2;3
sexta-feira;SC;280;GUARAMIRIM;Acessar a via sem observar a presenca dos outros veiculos;Colisao transversal;Com Vitimas Feridas;Plena Noite;Nublado;6;0;4;2
sexta-feira;SC;116;PONTE ALTA;Ultrapassagem Indevida;Colisao frontal;Com Vitimas Feridas;Plena Noite;Ceu Claro;2;0;1;2
sexta-feira;SC;163;DIONISIO CERQUEIRA;Ingestao de alcool pelo condutor;Colisao frontal;Com Vitimas Feridas;Plena Noite;Ceu Claro;2;0;1;2
sexta-feira;SC;470;CURITIBANOS;Desrespeitar a preferencia no cruzamento;Colisao transversal;Com Vitimas Feridas;Plena Noite;Nublado;3;0;1;3
sexta-feira;SC;101;PAULO LOPES;Acessar a via sem observar a presenca dos outros veiculos;Colisao traseira;Com Vitimas Feridas;Plena Noite;Ceu Claro;3;0;2;2
sexta-feira;SC;470;INDAIAL;area urbana sem a presenca de local apropriado para a travessia de pedestres;Colisao transversal;Com Vitimas Feridas;Plena Noite;Ceu Claro;2;0;2;2
sexta-feira;SC;101;TUBARAO;Ingestao de alcool pelo condutor;Colisao lateral mesmo sentido;Com Vitimas Feridas;Plena Noite;Nublado;2;0;1;2
sabado;SC;280;SAO FRANCISCO DO SUL;Velocidade Incompativel;Colisao frontal;Com Vitimas Feridas;Plena Noite;Nublado;3;0;3;2
sexta-feira;SC;282;XANXERE;Velocidade Incompativel;Saida de leito carrocavel;Com Vitimas Feridas;Plena Noite;Ceu Claro;1;0;1;1
sabado;SC;101;SANGAO;Reacao tardia ou ineficiente do condutor;Saida de leito carrocavel;Com Vitimas Fatais;Plena Noite;Ceu Claro;2;1;1;1
sabado;SC;101;BIGUACU;Ausencia de reacao do condutor;Saida de leito carrocavel;Com Vitimas Feridas;Plena Noite;Ceu Claro;1;0;1;1
sabado;SC;101;BIGUACU;Ausencia de reacao do condutor;Colisao com objeto;Com Vitimas Feridas;Plena Noite;Ceu Claro;1;0;1;1
sabado;SC;101;IMBITUBA;Desrespeitar a preferencia no cruzamento;Colisao frontal;Com Vitimas Feridas;Plena Noite;Ceu Claro;2;0;1;2
sabado;SC;282;FLORIANOPOLIS;Velocidade Incompativel;Colisao com objeto;Sem Vitimas;Plena Noite;Ceu Claro;1;0;0;1
sabado;SC;101;ITAJAI;Reacao tardia ou ineficiente do condutor;Colisao traseira;Com Vitimas Feridas;Amanhecer;Ceu Claro;4;0;3;2
sabado;SC;470;IBIRAMA;Deficiencia do Sistema de Iluminacao/Sinalizacao;Colisao traseira;Com Vitimas Fatais;Plena Noite;Ceu Claro;2;1;0;2
sabado;SC;470;APIUNA;Ingestao de alcool pelo condutor;Colisao lateral sentido oposto;Com Vitimas Feridas;Plena Noite;Nublado;2;0;1;2
sabado;SC;116;LAGES;Ingestao de alcool pelo condutor;Saida de leito carrocavel;Com Vitimas Feridas;Plena Noite;Ceu Claro;3;0;3;1
sabado;SC;101;TUBARAO;Reacao tardia ou ineficiente do condutor;Saida de leito carrocavel;Com Vitimas Feridas;Amanhecer;Ceu Claro;2;0;2;1
sabado;SC;101;BALNEARIO CAMBORIU;Condutor Dormindo;Engavetamento;Com Vitimas Feridas;Pleno dia;Ceu Claro;4;0;1;3
sabado;SC;280;RIO NEGRINHO;Trafegar com motocicleta (ou similar) entre as faixas;Colisao lateral mesmo sentido;Com Vitimas Feridas;Pleno dia;Ceu Claro;3;0;2;2
sabado;SC;470;AGRONOMICA;Acesso irregular;Colisao traseira;Com Vitimas Feridas;Pleno dia;Ceu Claro;3;0;1;2
sabado;SC;101;ITAJAI;Condutor deixou de manter distancia do veiculo da frente;Colisao lateral mesmo sentido;Com Vitimas Feridas;Pleno dia;Sol;2;0;1;2
sabado;SC;101;ICARA;Pedestre cruzava a pista fora da faixa;Atropelamento de Pedestre;Com Vitimas Fatais;Pleno dia;Ceu Claro;4;1;1;1
sabado;SC;101;ITAJAI;Condutor deixou de manter distancia do veiculo da frente;Colisao lateral mesmo sentido;Com Vitimas Feridas;Pleno dia;Ceu Claro;2;0;1;2
sabado;SC;282;RANCHO QUEIMADO;Condutor Dormindo;Saida de leito carrocavel;Sem Vitimas;Amanhecer;Ceu Claro;1;0;0;1
sabado;SC;101;TIJUCAS;Demais falhas mecanicas ou eletricas;Tombamento;Com Vitimas Feridas;Pleno dia;Ceu Claro;2;0;1;1
sabado;SC;101;TUBARAO;Demais falhas mecanicas ou eletricas;Tombamento;Com Vitimas Feridas;Pleno dia;Ceu Claro;2;0;1;1
sabado;SC;153;AGUA DOCE;Reacao tardia ou ineficiente do condutor;Colisao traseira;Com Vitimas Fatais;Pleno dia;Ceu Claro;2;1;0;2
sabado;SC;101;BALNEARIO PICARRAS;Ausencia de reacao do condutor;Saida de leito carrocavel;Com Vitimas Feridas;Pleno dia;Ceu Claro;1;0;1;1
sabado;SC;101;BARRA VELHA;Desrespeitar a preferencia no cruzamento;Colisao transversal;Com Vitimas Feridas;Pleno dia;Ceu Claro;3;0;1;2
sabado;SC;101;PALHOCA;Ausencia de reacao do condutor;Capotamento;Com Vitimas Feridas;Plena Noite;Ceu Claro;1;0;1;1
sabado;SC;282;FAXINAL DOS GUEDES;Ingestao de alcool pelo condutor;Saida de leito carrocavel;Sem Vitimas;Amanhecer;Ceu Claro;1;0;0;1
sabado;SC;470;IBIRAMA;Velocidade Incompativel;Colisao traseira;Com Vitimas Feridas;Plena Noite;Ceu Claro;2;0;1;2
sabado;SC;470;IBIRAMA;Reacao tardia ou ineficiente do condutor;Colisao lateral sentido oposto;Com Vitimas Feridas;Plena Noite;Ceu Claro;5;0;4;2
sabado;SC;101;GARUVA;Velocidade Incompativel;Saida de leito carrocavel;Com Vitimas Fatais;Plena Noite;Ceu Claro;1;1;0;1
sabado;SC;101;ARARANGUA;Frear bruscamente;Tombamento;Com Vitimas Feridas;Anoitecer;Ceu Claro;2;0;2;1
sabado;SC;101;SOMBRIO;Ingestao de alcool pelo condutor;Colisao traseira;Com Vitimas Feridas;Plena Noite;Ceu Claro;4;0;1;3
domingo;SC;101;CAPIVARI DE BAIXO;Ausencia de reacao do condutor;Saida de leito carrocavel;Com Vitimas Feridas;Plena Noite;Ceu Claro;2;0;1;1
domingo;SC;282;MARAVILHA;Velocidade Incompativel;Colisao com objeto;Com Vitimas Feridas;Plena Noite;Ceu Claro;1;0;1;1
domingo;SC;280;ARAQUARI;Acessar a via sem observar a presenca dos outros veiculos;Colisao transversal;Com Vitimas Feridas;Pleno dia;Ceu Claro;2;0;1;2
domingo;SC;470;GASPAR;Condutor deixou de manter distancia do veiculo da frente;Colisao traseira;Com Vitimas Feridas;Pleno dia;Ceu Claro;2;0;1;2
domingo;SC;282;LAGES;Ingestao de alcool pelo condutor;Colisao traseira;Sem Vitimas;Pleno dia;Ceu Claro;3;0;0;2
domingo;SC;101;ITAPEMA;Trafegar com motocicleta (ou similar) entre as faixas;Colisao lateral mesmo sentido;Com Vitimas Feridas;Pleno dia;Ceu Claro;3;0;1;2
domingo;SC;470;BLUMENAU;Ingestao de alcool pelo condutor;Colisao traseira;Com Vitimas Feridas;Pleno dia;Ceu Claro;2;0;1;2
terca-feira;SC;163;GUARACIABA;Manobra de mudanca de faixa;Colisao transversal;Com Vitimas Feridas;Amanhecer;Ceu Claro;2;0;1;2
domingo;SC;280;SAO FRANCISCO DO SUL;Condutor deixou de manter distancia do veiculo da frente;Engavetamento;Com Vitimas Feridas;Pleno dia;Ceu Claro;4;0;1;3
domingo;SC;101;PORTO BELO;Manobra de mudanca de faixa;Colisao com objeto;Com Vitimas Feridas;Pleno dia;Ceu Claro;3;0;2;2
domingo;SC;282;XAXIM;Ingestao de alcool pelo condutor;Colisao transversal;Sem Vitimas;Plena Noite;Ceu Claro;2;0;0;2
domingo;SC;101;ITAPEMA;Condutor deixou de manter distancia do veiculo da frente;Colisao traseira;Sem Vitimas;Plena Noite;Ceu Claro;2;0;0;2
domingo;SC;470;INDAIAL;Conversao proibida;Colisao traseira;Com Vitimas Feridas;Plena Noite;Ceu Claro;2;0;1;2
domingo;SC;101;ITAPEMA;Ingestao de alcool pelo condutor;Colisao traseira;Sem Vitimas;Plena Noite;Nublado;2;0;0;2
domingo;SC;101;ITAJAI;Demais falhas mecanicas ou eletricas;Tombamento;Com Vitimas Feridas;Plena Noite;Ceu Claro;2;0;2;1
domingo;SC;158;CUNHA PORA;Transitar na contramao;Colisao frontal;Com Vitimas Feridas;Plena Noite;Ceu Claro;3;0;1;2
domingo;SC;101;ARAQUARI;Reacao tardia ou ineficiente do condutor;Colisao lateral mesmo sentido;Com Vitimas Feridas;Plena Noite;Nublado;3;0;1;2
domingo;SC;101;LAGUNA;Pedestre andava na pista;Atropelamento de Pedestre;Com Vitimas Fatais;Plena Noite;Ceu Claro;2;1;1;1
segunda-feira;SC;280;SAO FRANCISCO DO SUL;Transitar na contramao;Colisao lateral sentido oposto;Sem Vitimas;Plena Noite;Nublado;2;0;0;2
domingo;SC;101;TUBARAO;Velocidade Incompativel;Tombamento;Com Vitimas Feridas;Plena Noite;Ceu Claro;1;0;1;1
segunda-feira;SC;101;ITAJAI;Demais falhas mecanicas ou eletricas;Tombamento;Com Vitimas Feridas;Plena Noite;Ceu Claro;1;0;1;1
segunda-feira;SC;101;GAROPABA;Velocidade Incompativel;Saida de leito carrocavel;Com Vitimas Feridas;Plena Noite;Garoa/Chuvisco;1;0;1;1
segunda-feira;SC;101;ITAJAI;Condutor deixou de manter distancia do veiculo da frente;Colisao traseira;Com Vitimas Feridas;Pleno dia;Ceu Claro;2;0;1;2
segunda-feira;SC;280;GUARAMIRIM;Reacao tardia ou ineficiente do condutor;Colisao transversal;Com Vitimas Feridas;Pleno dia;Nublado;2;0;1;2
segunda-feira;SC;282;ALFREDO WAGNER;Acessar a via sem observar a presenca dos outros veiculos;Colisao traseira;Com Vitimas Feridas;Pleno dia;Ceu Claro;3;0;2;2
segunda-feira;SC;101;PALHOCA;Trafegar com motocicleta (ou similar) entre as faixas;Colisao lateral mesmo sentido;Com Vitimas Feridas;Pleno dia;Ceu Claro;3;0;1;3
quarta-feira;SC;101;SAO JOSE;Ausencia de reacao do condutor;Colisao traseira;Com Vitimas Feridas;Plena Noite;Nublado;2;0;1;2
segunda-feira;SC;101;BALNEARIO CAMBORIU;Trafegar com motocicleta (ou similar) entre as faixas;Colisao lateral mesmo sentido;Com Vitimas Feridas;Pleno dia;Nublado;2;0;1;2
segunda-feira;SC;101;PALHOCA;Manobra de mudanca de faixa;Tombamento;Com Vitimas Feridas;Pleno dia;Ceu Claro;1;0;1;1
segunda-feira;SC;470;ASCURRA;Reacao tardia ou ineficiente do condutor;Saida de leito carrocavel;Com Vitimas Feridas;Pleno dia;Ceu Claro;2;0;1;2
segunda-feira;SC;480;CHAPECO;Ausencia de sinalizacao;Colisao transversal;Com Vitimas Feridas;Pleno dia;Sol;4;0;1;2
domingo;SC;282;XANXERE;Desrespeitar a preferencia no cruzamento;Colisao transversal;Com Vitimas Feridas;Plena Noite;Ceu Claro;3;0;2;2
segunda-feira;SC;101;SANGAO;Velocidade Incompativel;Colisao com objeto;Com Vitimas Feridas;Pleno dia;Sol;1;0;1;1
segunda-feira;SC;101;SAO JOSE;Acessar a via sem observar a presenca dos outros veiculos;Colisao traseira;Com Vitimas Feridas;Pleno dia;Sol;2;0;1;2
segunda-feira;SC;282;PALHOCA;Falta de acostamento;Colisao lateral mesmo sentido;Com Vitimas Fatais;Anoitecer;Chuva;2;1;0;2
segunda-feira;SC;101;ARARANGUA;Ingestao de alcool e/ou substancias psicoativas pelo pedestre;Tombamento;Sem Vitimas;Pleno dia;Ceu Claro;1;0;0;1
segunda-feira;SC;101;PALHOCA;Condutor deixou de manter distancia do veiculo da frente;Colisao traseira;Com Vitimas Feridas;Plena Noite;Ceu Claro;2;0;1;2
segunda-feira;SC;101;IMBITUBA;Condutor deixou de manter distancia do veiculo da frente;Colisao traseira;Com Vitimas Feridas;Pleno dia;Ceu Claro;2;0;1;2
segunda-feira;SC;470;BLUMENAU;Condutor deixou de manter distancia do veiculo da frente;Engavetamento;Com Vitimas Feridas;Plena Noite;Ceu Claro;6;0;1;5
segunda-feira;SC;101;SOMBRIO;Acessar a via sem observar a presenca dos outros veiculos;Colisao transversal;Com Vitimas Feridas;Plena Noite;Nublado;2;0;1;2
segunda-feira;SC;116;PAPANDUVA;Condutor usando celular;Engavetamento;Com Vitimas Feridas;Pleno dia;Ceu Claro;9;0;6;5
segunda-feira;SC;116;SANTA CECILIA;Velocidade Incompativel;Tombamento;Sem Vitimas;Pleno dia;Ceu Claro;1;0;0;1
segunda-feira;SC;101;ITAJAI;Demais falhas mecanicas ou eletricas;Colisao com objeto;Com Vitimas Feridas;Plena Noite;Ceu Claro;2;0;1;2
segunda-feira;SC;470;IBIRAMA;Velocidade Incompativel;Tombamento;Com Vitimas Feridas;Plena Noite;Ceu Claro;1;0;1;1
segunda-feira;SC;101;ICARA;Reacao tardia ou ineficiente do condutor;Colisao traseira;Com Vitimas Feridas;Plena Noite;Garoa/Chuvisco;4;0;3;2
terca-feira;SC;101;BIGUACU;Demais falhas mecanicas ou eletricas;Queda de ocupante de veiculo;Com Vitimas Feridas;Pleno dia;Ceu Claro;2;0;2;1
terca-feira;SC;101;JOINVILLE;Trafegar com motocicleta (ou similar) entre as faixas;Colisao lateral mesmo sentido;Com Vitimas Feridas;Pleno dia;Ceu Claro;2;0;1;2
terca-feira;SC;470;GASPAR;Acessar a via sem observar a presenca dos outros veiculos;Colisao traseira;Com Vitimas Feridas;Pleno dia;Ceu Claro;2;0;1;2
terca-feira;SC;101;JOINVILLE;Condutor deixou de manter distancia do veiculo da frente;Colisao traseira;Com Vitimas Feridas;Pleno dia;Ceu Claro;3;0;2;2
terca-feira;SC;470;POUSO REDONDO;Reacao tardia ou ineficiente do condutor;Colisao traseira;Com Vitimas Feridas;Pleno dia;Ceu Claro;4;0;3;3
terca-feira;SC;101;IMBITUBA;Reacao tardia ou ineficiente do condutor;Colisao transversal;Com Vitimas Feridas;Pleno dia;Ceu Claro;5;0;4;2
terca-feira;SC;101;PALHOCA;Demais falhas mecanicas ou eletricas;Tombamento;Com Vitimas Feridas;Pleno dia;Ceu Claro;2;0;2;1
terca-feira;SC;101;PALHOCA;Acessar a via sem observar a presenca dos outros veiculos;Colisao transversal;Com Vitimas Feridas;Pleno dia;Sol;2;0;1;2
terca-feira;SC;101;PALHOCA;Manobra de mudanca de faixa;Colisao lateral mesmo sentido;Com Vitimas Feridas;Pleno dia;Sol;2;0;1;2
terca-feira;SC;101;SAO JOSE;Condutor deixou de manter distancia do veiculo da frente;Colisao traseira;Com Vitimas Feridas;Pleno dia;Ceu Claro;2;0;1;2
terca-feira;SC;101;ARARANGUA;Pedestre cruzava a pista fora da faixa;Atropelamento de Pedestre;Com Vitimas Feridas;Pleno dia;Ceu Claro;3;0;2;1
quarta-feira;SC;282;PALHOCA;Desrespeitar a preferencia no cruzamento;Colisao transversal;Com Vitimas Feridas;Pleno dia;Garoa/Chuvisco;2;0;1;2
terca-feira;SC;101;JOINVILLE;Manobra de mudanca de faixa;Colisao lateral mesmo sentido;Com Vitimas Feridas;Anoitecer;Nublado;2;0;1;2
terca-feira;SC;101;BALNEARIO CAMBORIU;Trafegar com motocicleta (ou similar) entre as faixas;Colisao traseira;Com Vitimas Feridas;Plena Noite;Ceu Claro;3;0;1;3
terca-feira;SC;101;PALHOCA;Demais falhas mecanicas ou eletricas;Tombamento;Com Vitimas Feridas;Plena Noite;Ceu Claro;2;0;2;1
terca-feira;SC;280;MAFRA;Desrespeitar a preferencia no cruzamento;Colisao transversal;Com Vitimas Feridas;Plena Noite;Ceu Claro;2;0;1;2
terca-feira;SC;282;AGUAS MORNAS;Velocidade Incompativel;Saida de leito carrocavel;Com Vitimas Feridas;Pleno dia;Ceu Claro;1;0;1;1
quarta-feira;SC;282;AGUAS MORNAS;Velocidade Incompativel;Saida de leito carrocavel;Com Vitimas Feridas;Plena Noite;Ceu Claro;4;0;1;4
quarta-feira;SC;101;PALHOCA;Trafegar com motocicleta (ou similar) entre as faixas;Colisao traseira;Com Vitimas Feridas;Pleno dia;Ceu Claro;2;0;1;2
quarta-feira;SC;101;ICARA;Condutor Dormindo;Colisao traseira;Com Vitimas Feridas;Plena Noite;Nublado;2;0;1;2
quarta-feira;SC;101;JOINVILLE;Demais falhas mecanicas ou eletricas;Incendio;Sem Vitimas;Pleno dia;Nublado;1;0;0;1
quarta-feira;SC;101;NAVEGANTES;Manobra de mudanca de faixa;Colisao traseira;Com Vitimas Feridas;Pleno dia;Ceu Claro;2;0;1;2
quarta-feira;SC;280;ARAQUARI;Ultrapassagem Indevida;Colisao lateral mesmo sentido;Com Vitimas Feridas;Pleno dia;Nublado;3;0;1;3
quarta-feira;SC;101;BIGUACU;Transitar na contramao;Colisao transversal;Com Vitimas Feridas;Pleno dia;Nublado;2;0;1;2
quarta-feira;SC;282;CHAPECO;Desrespeitar a preferencia no cruzamento;Colisao transversal;Com Vitimas Feridas;Pleno dia;Ceu Claro;2;0;2;2
quarta-feira;SC;470;ASCURRA;Conversao proibida;Colisao transversal;Com Vitimas Feridas;Pleno dia;Nublado;3;0;1;2
quarta-feira;SC;282;IRACEMINHA;Velocidade Incompativel;Colisao traseira;Sem Vitimas;Pleno dia;Nublado;4;0;0;2