dia_semana;uf;br;municipio;causa_acidente;tipo_acidente;classificacao_acidente;fase_dia;condicao_metereologica;pessoas;mortos;feridos;veiculos
domingo;SC;163;SAO MIGUEL DO OESTE;Ingestao de alcool pelo condutor;Saida de leito carrocavel;Sem Vitimas;Plena Noite;Ceu Claro;1;0;0;1
sabado;SC;280;PORTO UNIAO;Transitar na contramao;Colisao frontal;Com Vitimas Feridas;Plena Noite;Nublado;2;0;1;2
sabado;SC;116;SANTA CECILIA;Demais falhas mecanicas ou eletricas;Incendio;Sem Vitimas;Plena Noite;Ignorado;1;0;0;1
domingo;SC;101;JOINVILLE;Ingestao de alcool pelo condutor;Capotamento;Com Vitimas Feridas;Plena Noite;Chuva;3;0;1;1
domingo;SC;101;JOINVILLE;Ingestao de alcool pelo condutor;Colisao com objeto;Com Vitimas Feridas;Plena Noite;Chuva;2;0;1;1
domingo;SC;280;JARAGUA DO SUL;Reacao tardia ou ineficiente do condutor;Saida de leito carrocavel;Com Vitimas Feridas;Plena Noite;Nublado;1;0;1;1
domingo;SC;470;POUSO REDONDO;Velocidade Incompativel;Saida de leito carrocavel;Sem Vitimas;Pleno dia;Nevoeiro/Neblina;1;0;0;1
domingo;SC;282;IRACEMINHA;Velocidade Incompativel;Tombamento;Com Vitimas Feridas;Pleno dia;Nevoeiro/Neblina;1;0;1;1
domingo;SC;280;JARAGUA DO SUL;Desrespeitar a preferencia no cruzamento;Colisao transversal;Com Vitimas Feridas;Pleno dia;Ceu Claro;3;0;1;2
domingo;SC;470;INDAIAL;Acessar a via sem observar a presenca dos outros veiculos;Colisao transversal;Com Vitimas Feridas;Pleno dia;Nublado;2;0;1;2
quinta-feira;SC;101;SAO JOSE;Acessar a via sem observar a presenca dos outros veiculos;Capotamento;Com Vitimas Feridas;Pleno dia;Chuva;2;0;1;2
domingo;SC;470;APIUNA;Acumulo de areia ou detritos sobre o pavimento;Colisao traseira;Com Vitimas Feridas;Pleno dia;Ceu Claro;3;0;1;2
domingo;SC;101;PALHOCA;Reacao tardia ou ineficiente do condutor;Colisao traseira;Sem Vitimas;Pleno dia;Sol;2;0;0;2
domingo;SC;282;AGUAS MORNAS;Reacao tardia ou ineficiente do condutor;Colisao frontal;Com Vitimas Feridas;Pleno dia;Ceu Claro;5;0;3;2
domingo;SC;101;TIJUCAS;Condutor usando celular;Capotamento;Com Vitimas Feridas;Pleno dia;Nublado;1;0;1;1
domingo;SC;101;PALHOCA;Ausencia de reacao do condutor;Colisao traseira;Com Vitimas Feridas;Pleno dia;Garoa/Chuvisco;2;0;1;2
domingo;SC;470;APIUNA;Conversao proibida;Colisao traseira;Com Vitimas Feridas;Pleno dia;Ceu Claro;4;0;2;3
domingo;SC;101;SAO JOSE;Condutor deixou de manter distancia do veiculo da frente;Tombamento;Com Vitimas Feridas;Pleno dia;Chuva;2;0;1;2
domingo;SC;470;AGRONOMICA;Condutor deixou de manter distancia do veiculo da frente;Colisao traseira;Com Vitimas Feridas;Pleno dia;Sol;4;0;2;3
domingo;SC;116;CORREIA PINTO;Ingestao de alcool pelo condutor;Saida de leito carrocavel;Com Vitimas Feridas;Plena Noite;Ceu Claro;1;0;1;1
domingo;SC;101;ITAJAI;Condutor deixou de manter distancia do veiculo da frente;Engavetamento;Com Vitimas Feridas;Plena Noite;Chuva;4;0;3;3
domingo;SC;480;CHAPECO;Ingestao de alcool pelo condutor;Colisao transversal;Sem Vitimas;Pleno dia;Ceu Claro;2;0;0;2
domingo;SC;282;XANXERE;Acesso irregular;Saida de leito carrocavel;Com Vitimas Feridas;Plena Noite;Nublado;5;0;2;2
domingo;SC;282;ERVAL VELHO;Ausencia de reacao do condutor;Saida de leito carrocavel;Com Vitimas Feridas;Pleno dia;Ceu Claro;1;0;1;1
domingo;SC;101;PORTO BELO;Ingestao de alcool pelo condutor;Saida de leito carrocavel;Sem Vitimas;Plena Noite;Chuva;1;0;0;1
domingo;SC;101;JOINVILLE;Ingestao de alcool pelo condutor;Colisao com objeto;Com Vitimas Feridas;Plena Noite;Chuva;3;0;1;1
domingo;SC;101;SANGAO;Reacao tardia ou ineficiente do condutor;Colisao traseira;Com Vitimas Feridas;Plena Noite;Nublado;2;0;1;2
domingo;SC;101;BIGUACU;Pista Escorregadia;Colisao com objeto;Sem Vitimas;Plena Noite;Chuva;1;0;0;1
domingo;SC;470;POUSO REDONDO;Acessar a via sem observar a presenca dos outros veiculos;Colisao traseira;Com Vitimas Feridas;Anoitecer;Nublado;3;0;2;2
domingo;SC;101;JOINVILLE;Velocidade Incompativel;Colisao lateral mesmo sentido;Com Vitimas Feridas;Plena Noite;Garoa/Chuvisco;3;0;1;2
segunda-feira;SC;101;BIGUACU;Ingestao de alcool pelo condutor;Saida de leito carrocavel;Com Vitimas Feridas;Plena Noite;Chuva;1;0;1;1
segunda-feira;SC;101;TIJUCAS;Ausencia de reacao do condutor;Colisao lateral mesmo sentido;Com Vitimas Feridas;Plena Noite;Garoa/Chuvisco;2;0;1;2
segunda-feira;SC;101;SAO JOSE;Ingestao de alcool pelo condutor;Colisao com objeto;Com Vitimas Feridas;Plena Noite;Chuva;1;0;1;1
segunda-feira;SC;282;FLORIANOPOLIS;Velocidade Incompativel;Colisao com objeto;Com Vitimas Feridas;Plena Noite;Chuva;1;0;1;1
quarta-feira;SC;101;PALHOCA;Condutor deixou de manter distancia do veiculo da frente;Colisao lateral mesmo sentido;Com Vitimas Feridas;Plena Noite;Nublado;3;0;1;3
segunda-feira;SC;470;INDAIAL;Acessar a via sem observar a presenca dos outros veiculos;Colisao transversal;Com Vitimas Feridas;Pleno dia;Chuva;2;0;1;2
segunda-feira;SC;470;INDAIAL;Reacao tardia ou ineficiente do condutor;Colisao traseira;Com Vitimas Feridas;Pleno dia;Ceu Claro;2;0;1;2
segunda-feira;SC;116;SAO CRISTOVAO DO SUL;Mal subito do condutor;Queda de ocupante de veiculo;Com Vitimas Feridas;Pleno dia;Ceu Claro;1;0;1;1
segunda-feira;SC;101;PENHA;Condutor deixou de manter distancia do veiculo da frente;Colisao traseira;Com Vitimas Feridas;Pleno dia;Chuva;2;0;1;2
segunda-feira;SC;101;SOMBRIO;Manobra de mudanca de faixa;Colisao com objeto;Com Vitimas Feridas;Pleno dia;Ceu Claro;3;0;3;2
segunda-feira;SC;282;LAGES;Acessar a via sem observar a presenca dos outros veiculos;Colisao transversal;Com Vitimas Feridas;Pleno dia;Ceu Claro;2;0;1;2
quinta-feira;SC;101;JOINVILLE;Velocidade Incompativel;Colisao com objeto;Com Vitimas Feridas;Plena Noite;Nublado;1;0;1;1
segunda-feira;SC;470;BLUMENAU;Demais falhas mecanicas ou eletricas;Incendio;Sem Vitimas;Pleno dia;Ceu Claro;1;0;0;1
segunda-feira;SC;282;RANCHO QUEIMADO;Velocidade Incompativel;Saida de leito carrocavel;Com Vitimas Feridas;Pleno dia;Garoa/Chuvisco;2;0;2;1
segunda-feira;SC;101;PALHOCA;Ausencia de reacao do condutor;Colisao traseira;Com Vitimas Feridas;Pleno dia;Nublado;2;0;1;2
segunda-feira;SC;116;SAO CRISTOVAO DO SUL;Ultrapassagem Indevida;Colisao com objeto;Com Vitimas Feridas;Pleno dia;Ceu Claro;3;0;1;2
segunda-feira;SC;101;ARARANGUA;Condutor deixou de manter distancia do veiculo da frente;Colisao traseira;Com Vitimas Feridas;Pleno dia;Ceu Claro;2;0;1;2
segunda-feira;SC;116;PAPANDUVA;Acessar a via sem observar a presenca dos outros veiculos;Colisao transversal;Com Vitimas Feridas;Pleno dia;Ceu Claro;2;0;2;2
segunda-feira;SC;101;BIGUACU;Ingestao de alcool pelo condutor;Colisao frontal;Com Vitimas Feridas;Plena Noite;Ceu Claro;2;0;1;2
segunda-feira;SC;101;SANTA ROSA DO SUL;Desrespeitar a preferencia no cruzamento;Colisao frontal;Com Vitimas Feridas;Plena Noite;Ceu Claro;2;0;1;2
segunda-feira;SC;470;IBIRAMA;Velocidade Incompativel;Saida de leito carrocavel;Com Vitimas Feridas;Plena Noite;Ceu Claro;1;0;1;1
segunda-feira;SC;470;GASPAR;Ingestao de alcool pelo condutor;Colisao frontal;Com Vitimas Feridas;Plena Noite;Nublado;4;0;2;2
segunda-feira;SC;101;LAGUNA;Condutor usando celular;Saida de leito carrocavel;Com Vitimas Feridas;Anoitecer;Sol;1;0;1;1
terca-feira;SC;101;NAVEGANTES;Ingestao de alcool pelo condutor;Saida de leito carrocavel;Com Vitimas Feridas;Plena Noite;Ceu Claro;1;0;1;1
terca-feira;SC;470;BLUMENAU;Pedestre andava na pista;Atropelamento de Pedestre;Com Vitimas Feridas;Plena Noite;Ceu Claro;3;0;3;1
terca-feira;SC;101;SAO JOSE;Trafegar com motocicleta (ou similar) entre as faixas;Colisao traseira;Com Vitimas Feridas;Amanhecer;Ceu Claro;2;0;1;2
terca-feira;SC;101;SAO JOSE;Manobra de mudanca de faixa;Colisao traseira;Com Vitimas Feridas;Pleno dia;Ceu Claro;2;0;1;2
terca-feira;SC;101;TUBARAO;Reacao tardia ou ineficiente do condutor;Tombamento;Com Vitimas Feridas;Plena Noite;Ceu Claro;1;0;1;1
terca-feira;SC;470;LONTRAS;Reacao tardia ou ineficiente do condutor;Colisao lateral sentido oposto;Com Vitimas Feridas;Pleno dia;Nublado;3;0;3;2
terca-feira;SC;280;ARAQUARI;Acessar a via sem observar a presenca dos outros veiculos;Colisao transversal;Com Vitimas Feridas;Pleno dia;Sol;2;0;1;2
terca-feira;SC;101;ITAJAI;Ausencia de reacao do condutor;Tombamento;Com Vitimas Feridas;Pleno dia;Ceu Claro;1;0;1;1
terca-feira;SC;158;CAIBI;Ausencia de reacao do condutor;Colisao frontal;Com Vitimas Feridas;Pleno dia;Nublado;3;0;3;2
terca-feira;SC;470;BLUMENAU;Acesso irregular;Colisao transversal;Com Vitimas Feridas;Pleno dia;Nublado;2;0;1;2
terca-feira;SC;101;SOMBRIO;Reacao tardia ou ineficiente do condutor;Colisao transversal;Com Vitimas Feridas;Pleno dia;Nublado;2;0;1;2
terca-feira;SC;101;PALHOCA;Avarias e/ou desgaste excessivo no pneu;Tombamento;Com Vitimas Feridas;Pleno dia;Nublado;1;0;1;1
terca-feira;SC;470;BLUMENAU;Transitar na contramao;Colisao frontal;Com Vitimas Feridas;Anoitecer;Garoa/Chuvisco;3;0;1;2
terca-feira;SC;101;TUBARAO;Ingestao de alcool pelo condutor;Saida de leito carrocavel;Sem Vitimas;Plena Noite;Nublado;1;0;0;1
terca-feira;SC;101;ARARANGUA;Acessar a via sem observar a presenca dos outros veiculos;Colisao transversal;Com Vitimas Feridas;Plena Noite;Nublado;3;0;2;2
terca-feira;SC;101;SAO JOSE;Ausencia de reacao do condutor;Colisao traseira;Com Vitimas Feridas;Plena Noite;Chuva;2;0;1;2
terca-feira;SC;101;PAULO LOPES;Reacao tardia ou ineficiente do condutor;Queda de ocupante de veiculo;Com Vitimas Feridas;Anoitecer;Ceu Claro;1;0;1;1
terca-feira;SC;101;JOINVILLE;Ingestao de alcool pelo condutor;Colisao transversal;Com Vitimas Feridas;Plena Noite;Chuva;4;0;3;2
terca-feira;SC;282;VARGEM;Velocidade Incompativel;Saida de leito carrocavel;Com Vitimas Feridas;Pleno dia;Chuva;2;0;2;1
terca-feira;SC;116;CAPAO ALTO;Reacao tardia ou ineficiente do condutor;Atropelamento de Pedestre;Com Vitimas Feridas;Plena Noite;Chuva;3;0;1;3
quarta-feira;SC;280;SAO BENTO DO SUL;Chuva;Capotamento;Com Vitimas Feridas;Plena Noite;Chuva;2;0;1;1
quarta-feira;SC;101;CRICIUMA;Condutor Dormindo;Saida de leito carrocavel;Com Vitimas Feridas;Plena Noite;Garoa/Chuvisco;1;0;1;1
quarta-feira;SC;101;TUBARAO;Velocidade Incompativel;Saida de leito carrocavel;Com Vitimas Feridas;Pleno dia;Nublado;2;0;1;1
quarta-feira;SC;280;SAO BENTO DO SUL;Pista Escorregadia;Colisao transversal;Com Vitimas Feridas;Pleno dia;Chuva;2;0;1;2
quinta-feira;SC;101;SAO JOSE;Manobra de mudanca de faixa;Queda de ocupante de veiculo;Com Vitimas Feridas;Pleno dia;Ignorado;1;0;1;1
sabado;SC;282;PINHALZINHO;Transitar na contramao;Colisao frontal;Com Vitimas Fatais;Plena Noite;Nublado;5;2;1;2
quarta-feira;SC;101;ARAQUARI;Velocidade Incompativel;Colisao lateral mesmo sentido;Com Vitimas Feridas;Pleno dia;Chuva;2;0;1;2
quarta-feira;SC;101;ARAQUARI;Acesso irregular;Colisao traseira;Sem Vitimas;Pleno dia;Chuva;2;0;0;2
segunda-feira;SC;101;ICARA;Desrespeitar a preferencia no cruzamento;Colisao transversal;Com Vitimas Feridas;Plena Noite;Nublado;2;0;1;2
quarta-feira;SC;470;SAO CRISTOVAO DO SUL;Velocidade Incompativel;Colisao traseira;Com Vitimas Feridas;Pleno dia;Nublado;2;0;1;2
quarta-feira;SC;282;SANTO AMARO DA IMPERATRIZ;Reacao tardia ou ineficiente do condutor;Colisao traseira;Com Vitimas Feridas;Plena Noite;Ceu Claro;4;0;1;3
quarta-feira;SC;470;LONTRAS;Condutor Dormindo;Saida de leito carrocavel;Com Vitimas Feridas;Plena Noite;Ceu Claro;1;0;1;1
quarta-feira;SC;282;ALFREDO WAGNER;Condutor Dormindo;Colisao traseira;Com Vitimas Feridas;Plena Noite;Ceu Claro;16;0;12;2
quarta-feira;SC;101;PALHOCA;Desrespeitar a preferencia no cruzamento;Colisao transversal;Com Vitimas Feridas;Plena Noite;Ceu Claro;2;0;1;2
quarta-feira;SC;280;RIO NEGRINHO;Ingestao de alcool ou de substancias psicoativas pelo pedestre;Atropelamento de Pedestre;Com Vitimas Feridas;Plena Noite;Chuva;2;0;1;1
quarta-feira;SC;282;ALFREDO WAGNER;Condutor Dormindo;Saida de leito carrocavel;Com Vitimas Feridas;Anoitecer;Ceu Claro;1;0;1;1
quarta-feira;SC;101;TUBARAO;Ingestao de alcool pelo condutor;Tombamento;Sem Vitimas;Plena Noite;Ceu Claro;2;0;0;1
quinta-feira;SC;282;JOACABA;Ingestao de alcool pelo condutor;Colisao lateral sentido oposto;Sem Vitimas;Plena Noite;Ceu Claro;1;0;0;1
quinta-feira;SC;163;SAO MIGUEL DO OESTE;Acessar a via sem observar a presenca dos outros veiculos;Colisao transversal;Com Vitimas Feridas;Pleno dia;Nevoeiro/Neblina;2;0;1;2
quinta-feira;SC;280;CANOINHAS;Acessar a via sem observar a presenca dos outros veiculos;Colisao transversal;Com Vitimas Feridas;Pleno dia;Ceu Claro;2;0;1;2
sabado;SC;282;JOACABA;Ultrapassagem Indevida;Colisao traseira;Com Vitimas Feridas;Pleno dia;Ceu Claro;2;0;1;2
quinta-feira;SC;280;JARAGUA DO SUL;Ausencia de reacao do condutor;Colisao traseira;Com Vitimas Feridas;Pleno dia;Ceu Claro;2;0;1;2
sabado;SC;280;CORUPA;Reacao tardia ou ineficiente do condutor;Colisao traseira;Sem Vitimas;Pleno dia;Ignorado;1;0;0;1
quinta-feira;SC;101;SAO JOSE;Condutor deixou de manter distancia do veiculo da frente;Colisao traseira;Sem Vitimas;Pleno dia;Ceu Claro;2;0;0;2
quinta-feira;SC;470;INDAIAL;Ausencia de reacao do condutor;Colisao transversal;Com Vitimas Feridas;Pleno dia;Ceu Claro;2;0;1;2
quinta-feira;SC;282;SAO JOSE;Condutor deixou de manter distancia do veiculo da frente;Colisao traseira;Com Vitimas Feridas;Pleno dia;Ceu Claro;3;0;2;3
quinta-feira;SC;470;BLUMENAU;Condutor deixou de manter distancia do veiculo da frente;Colisao traseira;Com Vitimas Feridas;Pleno dia;Sol;2;0;1;2
quinta-feira;SC;101;MARACAJA;Reacao tardia ou ineficiente do condutor;Colisao com objeto;Com Vitimas Feridas;Pleno dia;Ceu Claro;1;0;1;1
quinta-feira;SC;101;BALNEARIO PICARRAS;Desrespeitar a preferencia no cruzamento;Colisao transversal;Com Vitimas Feridas;Pleno dia;Ceu Claro;3;0;1;2
quinta-feira;SC;101;JOINVILLE;Manobra de mudanca de faixa;Saida de leito carrocavel;Com Vitimas Feridas;Pleno dia;Ceu Claro;3;0;3;1
quinta-feira;SC;101;JOINVILLE;Reacao tardia ou ineficiente do condutor;Colisao traseira;Com Vitimas Feridas;Plena Noite;Ceu Claro;2;0;1;2
quinta-feira;SC;101;IMBITUBA;Deficiencia do Sistema de Iluminacao/Sinalizacao;Colisao traseira;Com Vitimas Feridas;Plena Noite;Ceu Claro;2;0;2;2
quinta-feira;SC;116;MONTE CASTELO;Ingestao de alcool e/ou substancias psicoativas pelo pedestre;Colisao frontal;Com Vitimas Feridas;Plena Noite;Ceu Claro;2;0;1;2
quinta-feira;SC;101;BARRA VELHA;Manobra de mudanca de faixa;Colisao lateral mesmo sentido;Sem Vitimas;Plena Noite;Nublado;2;0;0;2
quinta-feira;SC;101;BIGUACU;Ausencia de reacao do condutor;Colisao lateral mesmo sentido;Com Vitimas Feridas;Plena Noite;Ceu Claro;3;0;1;2
quinta-feira;SC;470;INDAIAL;Ausencia de reacao do condutor;Colisao traseira;Com Vitimas Fatais;Plena Noite;Ceu Claro;2;1;0;2
quinta-feira;SC;470;IBIRAMA;Transitar na contramao;Colisao lateral sentido oposto;Sem Vitimas;Plena Noite;Nublado;2;0;0;2
quinta-feira;SC;101;JOINVILLE;Ingestao de alcool pelo condutor;Colisao com objeto;Sem Vitimas;Plena Noite;Ceu Claro;1;0;0;1
sexta-feira;SC;101;BALNEARIO CAMBORIU;Ausencia de reacao do condutor;Saida de leito carrocavel;Sem Vitimas;Plena Noite;Ceu Claro;2;0;0;1
sexta-feira;SC;470;APIUNA;Conversao proibida;Colisao lateral mesmo sentido;Com Vitimas Feridas;Plena Noite;Nublado;3;0;2;2
sexta-feira;SC;470;GASPAR;Transitar na contramao;Colisao lateral sentido oposto;Com Vitimas Feridas;Pleno dia;Ceu Claro;3;0;1;3
sexta-feira;SC;101;PALHOCA;Condutor deixou de manter distancia do veiculo da frente;Colisao traseira;Com Vitimas Feridas;Pleno dia;Ceu Claro;3;0;1;3
sexta-feira;SC;280;ARAQUARI;Acessar a via sem observar a presenca dos outros veiculos;Colisao transversal;Com Vitimas Feridas;Pleno dia;Ceu Claro;2;0;2;2
sexta-feira;SC;101;ITAJAI;Trafegar com motocicleta (ou similar) entre as faixas;Colisao traseira;Com Vitimas Feridas;Pleno dia;Ceu Claro;1;0;1;1
sexta-feira;SC;101;JOINVILLE;Objeto estatico sobre o leito carrocavel;Colisao traseira;Sem Vitimas;Pleno dia;Ceu Claro;8;0;0;3
sexta-feira;SC;280;MAFRA;Condutor Dormindo;Colisao frontal;Com Vitimas Feridas;Pleno dia;Nevoeiro/Neblina;4;0;3;2
sexta-feira;SC;101;SAO JOSE;Reacao tardia ou ineficiente do condutor;Colisao traseira;Com Vitimas Feridas;Pleno dia;Sol;3;0;1;2
sexta-feira;SC;280;ARAQUARI;Acessar a via sem observar a presenca dos outros veiculos;Colisao transversal;Com Vitimas Feridas;Pleno dia;Ceu Claro;2;0;1;2
sexta-feira;SC;101;GOVERNADOR CELSO RAMOS;Ausencia de sinalizacao;Colisao lateral sentido oposto;Com Vitimas Feridas;Plena Noite;Nublado;2;0;1;2
sexta-feira;SC;101;SAO JOSE;Manobra de mudanca de faixa;Colisao traseira;Com Vitimas Feridas;Plena Noite;Ceu Claro;2;0;1;2
sexta-feira;SC;470;RIO DO SUL;Acesso irregular;Colisao lateral mesmo sentido;Com Vitimas Feridas;Plena Noite;Ceu Claro;2;0;1;2
sexta-feira;SC;470;RIO DO SUL;Velocidade Incompativel;Capotamento;Com Vitimas Feridas;Plena Noite;Ceu Claro;1;0;1;1
sabado;SC;101;ITAJAI;Animais na Pista;Atropelamento de Animal;Com Vitimas Feridas;Plena Noite;Ceu Claro;4;0;1;4
sabado;SC;280;SAO FRANCISCO DO SUL;Reacao tardia ou ineficiente do condutor;Colisao frontal;Com Vitimas Feridas;Plena Noite;Garoa/Chuvisco;2;0;2;2
sabado;SC;470;RIO DO SUL;Velocidade Incompativel;Colisao com objeto;Sem Vitimas;Plena Noite;Ceu Claro;1;0;0;1
sabado;SC;282;SAO JOSE;Ingestao de alcool pelo condutor;Atropelamento de Pedestre;Com Vitimas Fatais;Plena Noite;Ceu Claro;5;1;4;2
sabado;SC;101;IMBITUBA;Ingestao de alcool pelo condutor;Saida de leito carrocavel;Sem Vitimas;Plena Noite;Ceu Claro;1;0;0;1
sabado;SC;470;BLUMENAU;Ultrapassagem Indevida;Colisao frontal;Com Vitimas Fatais;Plena Noite;Nublado;4;3;0;2
sabado;SC;101;CAMBORIU;Ausencia de reacao do condutor;Tombamento;Com Vitimas Feridas;Amanhecer;Nublado;1;0;1;1
sabado;SC;282;PALHOCA;Acesso irregular;Colisao transversal;Com Vitimas Feridas;Pleno dia;Sol;3;0;2;2
sabado;SC;101;SAO JOSE;Ausencia de reacao do condutor;Colisao com objeto;Com Vitimas Feridas;Pleno dia;Sol;1;0;1;1
sabado;SC;101;NAVEGANTES;Manobra de mudanca de faixa;Colisao traseira;Com Vitimas Feridas;Pleno dia;Sol;3;0;2;2
sabado;SC;101;PAULO LOPES;Velocidade Incompativel;Colisao com objeto;Com Vitimas Feridas;Anoitecer;Nublado;1;0;1;1
sabado;SC;116;PONTE ALTA;Desrespeitar a preferencia no cruzamento;Colisao transversal;Com Vitimas Feridas;Plena Noite;Ceu Claro;2;0;1;2
sabado;SC;101;IMBITUBA;Velocidade Incompativel;Saida de leito carrocavel;Com Vitimas Feridas;Pleno dia;Nublado;1;0;1;1
sabado;SC;282;XANXERE;Mal subito do condutor;Colisao traseira;Com Vitimas Feridas;Plena Noite;Ceu Claro;2;0;1;2
sabado;SC;282;ALFREDO WAGNER;Velocidade Incompativel;Saida de leito carrocavel;Sem Vitimas;Anoitecer;Ceu Claro;1;0;0;1
sabado;SC;282;PONTE SERRADA;Desrespeitar a preferencia no cruzamento;Colisao transversal;Com Vitimas Feridas;Pleno dia;Ceu Claro;2;0;1;2
sabado;SC;282;SAO MIGUEL DO OESTE;Ingestao de alcool e/ou substancias psicoativas pelo pedestre;Colisao lateral sentido oposto;Sem Vitimas;Plena Noite;Ceu Claro;2;0;0;2
domingo;SC;101;TUBARAO;Ingestao de alcool pelo condutor;Colisao frontal;Com Vitimas Feridas;Plena Noite;Ceu Claro;5;0;4;3
sabado;SC;101;ICARA;Neblina;Saida de leito carrocavel;Com Vitimas Feridas;Plena Noite;Nevoeiro/Neblina;2;0;1;2
domingo;SC;101;SAO JOSE;Ingestao de alcool e/ou substancias psicoativas pelo pedestre;Colisao traseira;Sem Vitimas;Pleno dia;Ceu Claro;2;0;0;2
domingo;SC;282;DESCANSO;Transitar na contramao;Colisao frontal;Com Vitimas Fatais;Plena Noite;Nevoeiro/Neblina;3;1;0;2
domingo;SC;101;JOINVILLE;Condutor Dormindo;Colisao com objeto;Com Vitimas Feridas;Plena Noite;Ceu Claro;1;0;1;1
domingo;SC;116;MONTE CASTELO;Velocidade Incompativel;Colisao com objeto;Com Vitimas Feridas;Plena Noite;Nublado;1;0;1;1
sabado;SC;101;ITAPEMA;Condutor deixou de manter distancia do veiculo da frente;Colisao lateral;Com Vitimas Feridas;Plena Noite;Ceu Claro;3;0;2;2
domingo;SC;470;ASCURRA;Demais falhas mecanicas ou eletricas;Saida de leito carrocavel;Com Vitimas Feridas;Amanhecer;Ceu Claro;2;0;2;1
domingo;SC;101;SAO JOSE;Acessar a via sem observar a presenca dos outros veiculos;Colisao traseira;Sem Vitimas;Pleno dia;Sol;2;0;0;2
domingo;SC;470;POUSO REDONDO;Ingestao de alcool e/ou substancias psicoativas pelo pedestre;Colisao transversal;Com Vitimas Feridas;Pleno dia;Ceu Claro;3;0;3;2
domingo;SC;116;PAPANDUVA;Reacao tardia ou ineficiente do condutor;Saida de leito carrocavel;Sem Vitimas;Pleno dia;Ceu Claro;1;0;0;1
domingo;SC;101;BALNEARIO CAMBORIU;Avarias e/ou desgaste excessivo no pneu;Tombamento;Com Vitimas Feridas;Pleno dia;Ceu Claro;2;0;2;1
domingo;SC;101;ARARANGUA;Desrespeitar a preferencia no cruzamento;Colisao transversal;Com Vitimas Feridas;Pleno dia;Sol;3;0;2;2
domingo;SC;101;BIGUACU;Ausencia de reacao do condutor;Colisao traseira;Com Vitimas Feridas;Anoitecer;Ceu Claro;2;0;1;2
sabado;SC;282;MARAVILHA;Ausencia de reacao do condutor;Saida de leito carrocavel;Com Vitimas Fatais;Plena Noite;Ceu Claro;1;1;0;1
domingo;SC;101;ITAJAI;Ingestao de alcool pelo condutor;Colisao traseira;Sem Vitimas;Anoitecer;Ceu Claro;3;0;0;3
domingo;SC;101;GARUVA;Objeto estatico sobre o leito carrocavel;Colisao com objeto;Sem Vitimas;Plena Noite;Ceu Claro;2;0;0;1
domingo;SC;101;ITAJAI;Condutor deixou de manter distancia do veiculo da frente;Colisao traseira;Com Vitimas Feridas;Plena Noite;Ceu Claro;2;0;1;2
domingo;SC;470;POUSO REDONDO;Ultrapassagem Indevida;Colisao frontal;Com Vitimas Feridas;Plena Noite;Ceu Claro;8;0;8;3
domingo;SC;470;CURITIBANOS;Acumulo de areia ou detritos sobre o pavimento;Tombamento;Com Vitimas Feridas;Plena Noite;Ceu Claro;1;0;1;1
domingo;SC;282;PALHOCA;Ingestao de alcool ou de substancias psicoativas pelo pedestre;Colisao traseira;Com Vitimas Feridas;Plena Noite;Ceu Claro;3;0;1;2
domingo;SC;280;ARAQUARI;Acessar a via sem observar a presenca dos outros veiculos;Colisao transversal;Com Vitimas Feridas;Plena Noite;Nublado;2;0;2;2
domingo;SC;101;SAO JOSE;Velocidade Incompativel;Colisao traseira;Sem Vitimas;Plena Noite;Nublado;2;0;0;2
domingo;SC;282;XAXIM;Transitar na contramao;Colisao frontal;Com Vitimas Feridas;Plena Noite;Ceu Claro;3;0;1;2
domingo;SC;101;ITAJAI;Velocidade Incompativel;Colisao traseira;Sem Vitimas;Plena Noite;Nublado;2;0;0;2
domingo;SC;101;CAPIVARI DE BAIXO;Condutor deixou de manter distancia do veiculo da frente;Colisao traseira;Com Vitimas Feridas;Plena Noite;Ignorado;2;0;1;2
domingo;SC;280;ARAQUARI;Acesso irregular;Colisao lateral mesmo sentido;Com Vitimas Feridas;Plena Noite;Nublado;2;0;2;2
domingo;SC;282;PINHALZINHO;Ingestao de alcool pelo condutor;Saida de leito carrocavel;Sem Vitimas;Plena Noite;Ceu Claro;1;0;0;1
segunda-feira;SC;280;RIO NEGRINHO;Condutor Dormindo;Colisao com objeto;Sem Vitimas;Plena Noite;Ceu Claro;1;0;0;1
segunda-feira;SC;101;SAO JOSE;Condutor Dormindo;Saida de leito carrocavel;Com Vitimas Feridas;Pleno dia;Sol;1;0;1;1
segunda-feira;SC;101;SOMBRIO;Ausencia de reacao do condutor;Saida de leito carrocavel;Com Vitimas Feridas;Pleno dia;Ceu Claro;2;0;2;1
segunda-feira;SC;101;SAO JOSE;Condutor deixou de manter distancia do veiculo da frente;Colisao traseira;Com Vitimas Feridas;Pleno dia;Sol;2;0;1;2
sexta-feira;SC;101;ITAJAI;Manobra de mudanca de faixa;Colisao traseira;Com Vitimas Feridas;Anoitecer;Ceu Claro;3;0;2;2
segunda-feira;SC;101;SAO JOSE;Manobra de mudanca de faixa;Colisao lateral mesmo sentido;Com Vitimas Feridas;Pleno dia;Ceu Claro;3;0;1;2
sabado;SC;470;NAVEGANTES;Velocidade Incompativel;Colisao transversal;Com Vitimas Feridas;Anoitecer;Ignorado;2;0;1;2