dia_semana;uf;br;municipio;causa_acidente;tipo_acidente;classificacao_acidente;fase_dia;condicao_metereologica;pessoas;mortos;feridos;veiculos
segunda-feira;SC;282;FLORIANOPOLIS;Demais falhas mecanicas ou eletricas;Tombamento;Com Vitimas Feridas;Pleno dia;Sol;1;0;1;1
segunda-feira;SC;101;BIGUACU;Demais falhas mecanicas ou eletricas;Queda de ocupante de veiculo;Com Vitimas Feridas;Pleno dia;Ceu Claro;2;0;2;1
segunda-feira;SC;470;INDAIAL;Conversao proibida;Colisao transversal;Com Vitimas Feridas;Pleno dia;Ceu Claro;2;0;1;2
segunda-feira;SC;101;SAO JOSE;Condutor deixou de manter distancia do veiculo da frente;Colisao traseira;Com Vitimas Feridas;Pleno dia;Ceu Claro;2;0;1;2
segunda-feira;SC;101;ARARANGUA;Avarias e/ou desgaste excessivo no pneu;Saida de leito carrocavel;Com Vitimas Feridas;Pleno dia;Ceu Claro;2;0;2;1
segunda-feira;SC;101;ITAJAI;Acessar a via sem observar a presenca dos outros veiculos;Colisao transversal;Com Vitimas Feridas;Anoitecer;Ceu Claro;2;0;1;2
segunda-feira;SC;101;PORTO BELO;Mal subito do condutor;Colisao frontal;Com Vitimas Feridas;Anoitecer;Ceu Claro;2;0;2;2
segunda-feira;SC;163;SAO MIGUEL DO OESTE;Manobra de mudanca de faixa;Colisao lateral mesmo sentido;Sem Vitimas;Pleno dia;Sol;2;0;0;2
segunda-feira;SC;101;TUBARAO;Semaforo com defeito;Colisao traseira;Com Vitimas Feridas;Plena Noite;Ceu Claro;2;0;1;2
segunda-feira;SC;116;CAPAO ALTO;Ingestao de alcool pelo condutor;Colisao com objeto;Sem Vitimas;Plena Noite;Ceu Claro;1;0;0;1
terca-feira;SC;101;JOINVILLE;Acessar a via sem observar a presenca dos outros veiculos;Colisao traseira;Com Vitimas Feridas;Plena Noite;Ceu Claro;2;0;1;2
domingo;SC;280;ARAQUARI;Condutor deixou de manter distancia do veiculo da frente;Colisao transversal;Com Vitimas Feridas;Anoitecer;Ceu Claro;3;0;2;2
terca-feira;SC;480;CHAPECO;Reacao tardia ou ineficiente do condutor;Colisao frontal;Com Vitimas Feridas;Pleno dia;Ceu Claro;2;0;1;2
terca-feira;SC;101;PALHOCA;Ausencia de reacao do condutor;Colisao traseira;Com Vitimas Feridas;Pleno dia;Ceu Claro;2;0;1;2
terca-feira;SC;282;FLORIANOPOLIS;Manobra de mudanca de faixa;Queda de ocupante de veiculo;Com Vitimas Feridas;Pleno dia;Ceu Claro;3;0;2;2
terca-feira;SC;101;ITAJAI;Manobra de mudanca de faixa;Colisao lateral mesmo sentido;Com Vitimas Feridas;Pleno dia;Ceu Claro;2;0;1;2
terca-feira;SC;101;JOINVILLE;Manobra de mudanca de faixa;Colisao lateral mesmo sentido;Com Vitimas Feridas;Pleno dia;Ceu Claro;2;0;1;2
terca-feira;SC;280;GUARAMIRIM;Acessar a via sem observar a presenca dos outros veiculos;Colisao transversal;Com Vitimas Feridas;Pleno dia;Ceu Claro;3;0;1;2
terca-feira;SC;282;IRACEMINHA;Reacao tardia ou ineficiente do condutor;Saida de leito carrocavel;Com Vitimas Feridas;Pleno dia;Ceu Claro;1;0;1;1
terca-feira;SC;101;SOMBRIO;Ingestao de alcool pelo condutor;Saida de leito carrocavel;Sem Vitimas;Pleno dia;Sol;1;0;0;1
terca-feira;SC;101;ARARANGUA;Avarias e/ou desgaste excessivo no pneu;Queda de ocupante de veiculo;Com Vitimas Feridas;Pleno dia;Ceu Claro;1;0;1;1
terca-feira;SC;470;NAVEGANTES;Acessar a via sem observar a presenca dos outros veiculos;Colisao transversal;Com Vitimas Feridas;Pleno dia;Ceu Claro;2;0;1;2
terca-feira;SC;282;XANXERE;Falta de elemento de contencao que evite a saida do leito carrocavel;Saida de leito carrocavel;Com Vitimas Feridas;Pleno dia;Ceu Claro;1;0;1;1
terca-feira;SC;101;SOMBRIO;Manobra de mudanca de faixa;Colisao lateral mesmo sentido;Com Vitimas Feridas;Pleno dia;Sol;3;0;2;2
terca-feira;SC;470;CURITIBANOS;Reacao tardia ou ineficiente do condutor;Saida de leito carrocavel;Com Vitimas Feridas;Pleno dia;Ceu Claro;1;0;1;1
domingo;SC;470;INDAIAL;Avarias e/ou desgaste excessivo no pneu;Saida de leito carrocavel;Com Vitimas Feridas;Plena Noite;Ceu Claro;1;0;1;1
terca-feira;SC;280;ARAQUARI;Ultrapassagem Indevida;Colisao lateral mesmo sentido;Com Vitimas Feridas;Plena Noite;Nublado;3;0;1;3
terca-feira;SC;101;TUBARAO;Acessar a via sem observar a presenca dos outros veiculos;Colisao transversal;Com Vitimas Feridas;Plena Noite;Ceu Claro;1;0;1;1
terca-feira;SC;282;CATANDUVAS;Ultrapassagem Indevida;Colisao lateral mesmo sentido;Com Vitimas Feridas;Anoitecer;Ceu Claro;2;0;1;2
terca-feira;SC;101;SAO JOSE;Frear bruscamente;Engavetamento;Com Vitimas Feridas;Plena Noite;Ceu Claro;3;0;1;3
terca-feira;SC;282;CORDILHEIRA ALTA;Transitar na contramao;Colisao frontal;Com Vitimas Feridas;Plena Noite;Ceu Claro;2;0;1;2
domingo;SC;282;NOVA ITABERABA;Manobra de mudanca de faixa;Colisao lateral mesmo sentido;Com Vitimas Feridas;Pleno dia;Ceu Claro;4;0;1;2
terca-feira;SC;101;PALHOCA;Ausencia de reacao do condutor;Tombamento;Com Vitimas Feridas;Plena Noite;Ceu Claro;1;0;1;1
quarta-feira;SC;280;ARAQUARI;Condutor deixou de manter distancia do veiculo da frente;Colisao traseira;Com Vitimas Feridas;Pleno dia;Ceu Claro;2;0;1;2
terca-feira;SC;101;SOMBRIO;Desrespeitar a preferencia no cruzamento;Colisao frontal;Com Vitimas Feridas;Anoitecer;Nublado;2;0;1;2
quarta-feira;SC;282;XAXIM;Reacao tardia ou ineficiente do condutor;Colisao lateral sentido oposto;Com Vitimas Feridas;Pleno dia;Ceu Claro;4;0;1;3
sabado;SC;470;APIUNA;Ingestao de alcool pelo condutor;Tombamento;Com Vitimas Feridas;Anoitecer;Chuva;1;0;1;1
quarta-feira;SC;470;BLUMENAU;Acessar a via sem observar a presenca dos outros veiculos;Atropelamento de Pedestre;Com Vitimas Feridas;Pleno dia;Sol;2;0;1;1
quarta-feira;SC;282;FLOR DO SERTAO;Desrespeitar a preferencia no cruzamento;Colisao transversal;Com Vitimas Feridas;Anoitecer;Ceu Claro;2;0;1;2
quarta-feira;SC;101;SAO JOSE;Manobra de mudanca de faixa;Colisao lateral mesmo sentido;Com Vitimas Feridas;Anoitecer;Ceu Claro;2;0;1;2
quarta-feira;SC;101;BALNEARIO CAMBORIU;Manobra de mudanca de faixa;Eventos atipicos;Com Vitimas Feridas;Pleno dia;Nublado;2;0;1;2
quarta-feira;SC;116;MONTE CASTELO;Acessar a via sem observar a presenca dos outros veiculos;Colisao transversal;Com Vitimas Feridas;Pleno dia;Sol;2;0;1;2
quarta-feira;SC;282;AGUAS MORNAS;Desrespeitar a preferencia no cruzamento;Colisao transversal;Com Vitimas Feridas;Pleno dia;Ceu Claro;2;0;1;2
quarta-feira;SC;282;PALHOCA;Transitar na contramao;Colisao lateral sentido oposto;Com Vitimas Feridas;Plena Noite;Ceu Claro;4;0;3;2
quarta-feira;SC;101;BIGUACU;Velocidade Incompativel;Colisao traseira;Com Vitimas Feridas;Plena Noite;Ceu Claro;2;0;1;2
quarta-feira;SC;280;ARAQUARI;Trafegar com motocicleta (ou similar) entre as faixas;Colisao lateral mesmo sentido;Com Vitimas Feridas;Pleno dia;Ceu Claro;2;0;1;2
quarta-feira;SC;470;GASPAR;Transitar na contramao;Colisao frontal;Com Vitimas Feridas;Plena Noite;Nublado;2;0;2;2
quinta-feira;SC;470;NAVEGANTES;Acesso irregular;Saida de leito carrocavel;Sem Vitimas;Plena Noite;Ceu Claro;1;0;0;1
quinta-feira;SC;163;SAO JOSE DO CEDRO;Reacao tardia ou ineficiente do condutor;Colisao traseira;Com Vitimas Feridas;Plena Noite;Ceu Claro;3;0;1;2
quinta-feira;SC;101;SAO JOSE;Objeto estatico sobre o leito carrocavel;Colisao com objeto;Com Vitimas Feridas;Amanhecer;Ceu Claro;1;0;1;1
quinta-feira;SC;280;RIO NEGRINHO;Acessar a via sem observar a presenca dos outros veiculos;Colisao transversal;Com Vitimas Feridas;Amanhecer;Nevoeiro/Neblina;2;0;1;2
quinta-feira;SC;101;SANGAO;Avarias e/ou desgaste excessivo no pneu;Queda de ocupante de veiculo;Com Vitimas Feridas;Pleno dia;Ceu Claro;2;0;2;1
quinta-feira;SC;101;PORTO BELO;Ausencia de reacao do condutor;Tombamento;Com Vitimas Feridas;Pleno dia;Ceu Claro;1;0;1;1
quinta-feira;SC;101;JOINVILLE;Ausencia de reacao do condutor;Colisao traseira;Com Vitimas Feridas;Pleno dia;Sol;4;0;1;3
quinta-feira;SC;470;CAMPOS NOVOS;Ausencia de reacao do condutor;Tombamento;Com Vitimas Feridas;Plena Noite;Ceu Claro;1;0;1;1
quinta-feira;SC;101;TUBARAO;Velocidade Incompativel;Colisao transversal;Com Vitimas Feridas;Pleno dia;Sol;2;0;1;2
quinta-feira;SC;470;INDAIAL;Conversao proibida;Colisao traseira;Com Vitimas Feridas;Pleno dia;Ceu Claro;2;0;1;2
quinta-feira;SC;470;POUSO REDONDO;Velocidade Incompativel;Tombamento;Com Vitimas Feridas;Pleno dia;Ceu Claro;1;0;1;1
quinta-feira;SC;101;TUBARAO;Desrespeitar a preferencia no cruzamento;Colisao transversal;Com Vitimas Feridas;Pleno dia;Ceu Claro;2;0;1;2
quinta-feira;SC;282;XANXERE;Velocidade Incompativel;Capotamento;Sem Vitimas;Pleno dia;Sol;1;0;0;1
quinta-feira;SC;153;CONCORDIA;Desrespeitar a preferencia no cruzamento;Colisao transversal;Com Vitimas Feridas;Pleno dia;Ceu Claro;2;0;2;2
quinta-feira;SC;101;GOVERNADOR CELSO RAMOS;Condutor deixou de manter distancia do veiculo da frente;Colisao traseira;Com Vitimas Feridas;Pleno dia;Nublado;3;0;1;2
quinta-feira;SC;101;BIGUACU;Desrespeitar a preferencia no cruzamento;Colisao transversal;Com Vitimas Feridas;Anoitecer;Ceu Claro;2;0;1;2
quinta-feira;SC;282;SANTO AMARO DA IMPERATRIZ;Ausencia de reacao do condutor;Engavetamento;Com Vitimas Feridas;Anoitecer;Ceu Claro;7;0;1;5
quinta-feira;SC;282;PALHOCA;Conversao proibida;Colisao transversal;Com Vitimas Feridas;Plena Noite;Nublado;2;0;1;2
quinta-feira;SC;101;ITAPEMA;Ausencia de reacao do condutor;Colisao traseira;Com Vitimas Feridas;Plena Noite;Ceu Claro;2;0;1;2
quinta-feira;SC;101;MARACAJA;Ingestao de alcool pelo condutor;Colisao com objeto;Sem Vitimas;Plena Noite;Nublado;1;0;0;1
sexta-feira;SC;101;SOMBRIO;Ingestao de alcool pelo condutor;Capotamento;Sem Vitimas;Plena Noite;Chuva;1;0;0;1
sexta-feira;SC;101;BALNEARIO CAMBORIU;Condutor Dormindo;Colisao com objeto;Com Vitimas Feridas;Plena Noite;Ceu Claro;1;0;1;1
sexta-feira;SC;101;ITAJAI;Manobra de mudanca de faixa;Tombamento;Com Vitimas Feridas;Plena Noite;Nublado;1;0;1;1
sexta-feira;SC;101;SAO JOSE;Condutor deixou de manter distancia do veiculo da frente;Colisao traseira;Com Vitimas Feridas;Pleno dia;Nublado;2;0;1;2
sexta-feira;SC;280;RIO NEGRINHO;Velocidade Incompativel;Saida de leito carrocavel;Com Vitimas Feridas;Plena Noite;Ceu Claro;2;0;1;2
sexta-feira;SC;282;PALHOCA;Acessar a via sem observar a presenca dos outros veiculos;Colisao transversal;Com Vitimas Feridas;Pleno dia;Ceu Claro;2;0;1;2
sexta-feira;SC;101;SAO JOSE;Condutor deixou de manter distancia do veiculo da frente;Colisao traseira;Com Vitimas Feridas;Pleno dia;Nublado;2;0;1;2
sexta-feira;SC;470;GASPAR;Ausencia de reacao do condutor;Saida de leito carrocavel;Com Vitimas Feridas;Pleno dia;Sol;2;0;1;2
sexta-feira;SC;470;IBIRAMA;Carga excessiva e/ou mal acondicionada;Derramamento de carga;Sem Vitimas;Pleno dia;Ceu Claro;1;0;0;1
sexta-feira;SC;282;PALHOCA;Reacao tardia ou ineficiente do condutor;Colisao traseira;Com Vitimas Feridas;Pleno dia;Nublado;2;0;1;2
sexta-feira;SC;470;IBIRAMA;Velocidade Incompativel;Capotamento;Com Vitimas Feridas;Pleno dia;Sol;1;0;1;1
sexta-feira;SC;116;CORREIA PINTO;Conversao proibida;Colisao transversal;Com Vitimas Feridas;Pleno dia;Nublado;2;0;2;2
sexta-feira;SC;101;SAO JOSE;Condutor deixou de manter distancia do veiculo da frente;Colisao traseira;Com Vitimas Feridas;Pleno dia;Ceu Claro;2;0;1;2
sexta-feira;SC;101;BIGUACU;Frear bruscamente;Tombamento;Com Vitimas Feridas;Pleno dia;Nublado;1;0;1;1
sexta-feira;SC;282;FLORIANOPOLIS;Manobra de mudanca de faixa;Colisao lateral mesmo sentido;Com Vitimas Feridas;Pleno dia;Ceu Claro;2;0;1;2
sexta-feira;SC;101;ITAPEMA;Acessar a via sem observar a presenca dos outros veiculos;Colisao lateral mesmo sentido;Com Vitimas Feridas;Pleno dia;Ceu Claro;2;0;1;2
sexta-feira;SC;282;XANXERE;Manobra de mudanca de faixa;Colisao lateral mesmo sentido;Com Vitimas Feridas;Pleno dia;Nublado;3;0;2;2
sexta-feira;SC;282;FLORIANOPOLIS;Condutor deixou de manter distancia do veiculo da frente;Colisao traseira;Com Vitimas Feridas;Anoitecer;Ceu Claro;2;0;1;2
sexta-feira;SC;101;ITAJAI;Condutor deixou de manter distancia do veiculo da frente;Engavetamento;Sem Vitimas;Plena Noite;Nublado;5;0;0;5
sexta-feira;SC;280;ARAQUARI;Reacao tardia ou ineficiente do condutor;Colisao frontal;Sem Vitimas;Pleno dia;Nublado;2;0;0;2
sexta-feira;SC;101;ITAPEMA;Carga excessiva e/ou mal acondicionada;Colisao com objeto;Com Vitimas Feridas;Plena Noite;Ceu Claro;2;0;1;1
sexta-feira;SC;101;ITAJAI;Demais falhas mecanicas ou eletricas;Tombamento;Com Vitimas Feridas;Plena Noite;Ceu Claro;2;0;2;1
sexta-feira;SC;280;CORUPA;Acessar a via sem observar a presenca dos outros veiculos;Colisao transversal;Com Vitimas Feridas;Anoitecer;Nublado;2;0;1;2
sexta-feira;SC;282;SAUDADES;Manobra de mudanca de faixa;Saida de leito carrocavel;Com Vitimas Feridas;Pleno dia;Ceu Claro;1;0;1;1
sexta-feira;SC;282;XAXIM;Ingestao de alcool pelo condutor;Saida de leito carrocavel;Sem Vitimas;Plena Noite;Chuva;1;0;0;1
sabado;SC;470;INDAIAL;Demais falhas mecanicas ou eletricas;Incendio;Sem Vitimas;Plena Noite;Chuva;1;0;0;1
sabado;SC;101;SAO JOSE;Ausencia de reacao do condutor;Colisao com objeto;Com Vitimas Feridas;Pleno dia;Nublado;2;0;1;1
terca-feira;SC;280;CORUPA;Frear bruscamente;Colisao traseira;Com Vitimas Feridas;Anoitecer;Nublado;2;0;1;2
sabado;SC;101;PALHOCA;Condutor deixou de manter distancia do veiculo da frente;Colisao traseira;Com Vitimas Feridas;Pleno dia;Ceu Claro;2;0;1;2
sabado;SC;282;SAUDADES;Falta de acostamento;Saida de leito carrocavel;Com Vitimas Feridas;Pleno dia;Ceu Claro;1;0;1;1
sabado;SC;101;BALNEARIO CAMBORIU;Avarias e/ou desgaste excessivo no pneu;Tombamento;Com Vitimas Feridas;Pleno dia;Nublado;1;0;1;1
terca-feira;SC;470;NAVEGANTES;Velocidade Incompativel;Colisao traseira;Com Vitimas Feridas;Pleno dia;Nublado;2;0;1;2
sabado;SC;101;SAO JOSE;Ingestao de alcool pelo condutor;Saida de leito carrocavel;Sem Vitimas;Pleno dia;Ceu Claro;1;0;0;1
sabado;SC;280;PORTO UNIAO;Acumulo de areia ou detritos sobre o pavimento;Tombamento;Com Vitimas Feridas;Pleno dia;Ceu Claro;2;0;2;1
sabado;SC;470;RODEIO;Reacao tardia ou ineficiente do condutor;Saida de leito carrocavel;Com Vitimas Feridas;Pleno dia;Ceu Claro;2;0;2;1
sabado;SC;101;ITAPEMA;Acessar a via sem observar a presenca dos outros veiculos;Colisao transversal;Com Vitimas Feridas;Pleno dia;Nublado;2;0;1;2
sabado;SC;280;ARAQUARI;Acumulo de agua sobre o pavimento;Queda de ocupante de veiculo;Com Vitimas Feridas;Plena Noite;Chuva;2;0;1;1
sabado;SC;101;SAO JOSE;Ingestao de alcool pelo condutor;Colisao com objeto;Com Vitimas Feridas;Plena Noite;Nublado;3;0;1;3
sabado;SC;470;CURITIBANOS;Velocidade Incompativel;Saida de leito carrocavel;Com Vitimas Fatais;Plena Noite;Nublado;1;1;0;1
sabado;SC;101;BALNEARIO CAMBORIU;Manobra de mudanca de faixa;Colisao lateral mesmo sentido;Sem Vitimas;Plena Noite;Nublado;2;0;0;2
domingo;SC;101;SAO JOSE;Velocidade Incompativel;Engavetamento;Com Vitimas Feridas;Plena Noite;Nublado;3;0;1;3
domingo;SC;101;IMBITUBA;Ingestao de alcool pelo condutor;Saida de leito carrocavel;Com Vitimas Feridas;Plena Noite;Ceu Claro;1;0;1;1
sabado;SC;282;MARAVILHA;Ingestao de alcool pelo condutor;Saida de leito carrocavel;Com Vitimas Feridas;Plena Noite;Ceu Claro;1;0;1;1
domingo;SC;101;PALHOCA;Velocidade Incompativel;Colisao traseira;Com Vitimas Feridas;Plena Noite;Ceu Claro;10;0;4;5
domingo;SC;163;DIONISIO CERQUEIRA;Velocidade Incompativel;Saida de leito carrocavel;Com Vitimas Feridas;Plena Noite;Ceu Claro;1;0;1;1
sabado;SC;470;ASCURRA;Condutor Dormindo;Colisao frontal;Com Vitimas Feridas;Plena Noite;Ceu Claro;4;0;2;3
sabado;SC;116;SANTA CECILIA;Ingestao de alcool pelo condutor;Colisao frontal;Sem Vitimas;Plena Noite;Nublado;2;0;0;2
domingo;SC;282;XANXERE;Acessar a via sem observar a presenca dos outros veiculos;Colisao traseira;Com Vitimas Feridas;Pleno dia;Ceu Claro;2;0;1;2
domingo;SC;101;BALNEARIO PICARRAS;Acessar a via sem observar a presenca dos outros veiculos;Colisao lateral mesmo sentido;Com Vitimas Feridas;Pleno dia;Sol;2;0;2;2
domingo;SC;282;VARGEM;Reacao tardia ou ineficiente do condutor;Saida de leito carrocavel;Com Vitimas Feridas;Plena Noite;Ceu Claro;4;0;4;1
domingo;SC;101;ITAJAI;Manobra de mudanca de faixa;Colisao lateral mesmo sentido;Com Vitimas Feridas;Pleno dia;Ceu Claro;5;0;2;2
domingo;SC;280;ARAQUARI;Acessar a via sem observar a presenca dos outros veiculos;Colisao transversal;Com Vitimas Feridas;Pleno dia;Ceu Claro;2;0;1;2
domingo;SC;282;AGUAS MORNAS;Ultrapassagem Indevida;Colisao lateral sentido oposto;Com Vitimas Feridas;Pleno dia;Ceu Claro;2;0;1;2
domingo;SC;101;ITAJAI;Demais falhas mecanicas ou eletricas;Queda de ocupante de veiculo;Com Vitimas Feridas;Anoitecer;Ceu Claro;2;0;2;1
domingo;SC;101;SAO JOSE;Ingestao de alcool pelo condutor;Saida de leito carrocavel;Sem Vitimas;Pleno dia;Ceu Claro;1;0;0;1
domingo;SC;470;APIUNA;Reacao tardia ou ineficiente do condutor;Tombamento;Sem Vitimas;Pleno dia;Ceu Claro;1;0;0;1
domingo;SC;280;GUARAMIRIM;Ingestao de alcool pelo condutor;Colisao traseira;Sem Vitimas;Anoitecer;Ceu Claro;2;0;0;2
domingo;SC;101;ICARA;Reacao tardia ou ineficiente do condutor;Saida de leito carrocavel;Com Vitimas Feridas;Anoitecer;Ceu Claro;1;0;1;1
domingo;SC;282;CHAPECO;Desrespeitar a preferencia no cruzamento;Colisao transversal;Sem Vitimas;Pleno dia;Sol;2;0;0;2
domingo;SC;101;PALHOCA;Manobra de mudanca de faixa;Colisao lateral mesmo sentido;Com Vitimas Feridas;Plena Noite;Ceu Claro;2;0;1;2
domingo;SC;101;TUBARAO;Objeto estatico sobre o leito carrocavel;Colisao com objeto;Com Vitimas Feridas;Pleno dia;Ceu Claro;1;0;1;1
domingo;SC;101;BALNEARIO CAMBORIU;Condutor deixou de manter distancia do veiculo da frente;Colisao traseira;Com Vitimas Feridas;Plena Noite;Ceu Claro;3;0;2;2
domingo;SC;282;SANTO AMARO DA IMPERATRIZ;Trafegar com motocicleta (ou similar) entre as faixas;Colisao transversal;Com Vitimas Feridas;Plena Noite;Nublado;2;0;1;2
domingo;SC;101;CAMBORIU;Ausencia de reacao do condutor;Colisao traseira;Sem Vitimas;Anoitecer;Ceu Claro;2;0;0;2
domingo;SC;282;ALFREDO WAGNER;Ultrapassagem Indevida;Colisao frontal;Com Vitimas Fatais;Anoitecer;Ceu Claro;7;1;6;2
domingo;SC;470;POUSO REDONDO;Velocidade Incompativel;Colisao traseira;Com Vitimas Feridas;Plena Noite;Ceu Claro;3;0;1;3
domingo;SC;282;PALHOCA;Acessar a via sem observar a presenca dos outros veiculos;Colisao transversal;Com Vitimas Feridas;Plena Noite;Ceu Claro;2;0;1;2
domingo;SC;282;PALHOCA;Reacao tardia ou ineficiente do condutor;Colisao traseira;Com Vitimas Feridas;Plena Noite;Nublado;2;0;1;2
domingo;SC;158;PALMITOS;Acessar a via sem observar a presenca dos outros veiculos;Colisao transversal;Com Vitimas Feridas;Pleno dia;Ceu Claro;4;0;1;2
domingo;SC;280;ARAQUARI;Acessar a via sem observar a presenca dos outros veiculos;Colisao transversal;Com Vitimas Feridas;Anoitecer;Nublado;3;0;2;3
domingo;SC;101;BALNEARIO CAMBORIU;Manobra de mudanca de faixa;Colisao lateral mesmo sentido;Com Vitimas Feridas;Plena Noite;Nublado;2;0;1;2
domingo;SC;101;ICARA;Condutor Dormindo;Saida de leito carrocavel;Com Vitimas Feridas;Plena Noite;Ceu Claro;2;0;2;1
domingo;SC;470;LONTRAS;Reacao tardia ou ineficiente do condutor;Saida de leito carrocavel;Sem Vitimas;Plena Noite;Ceu Claro;1;0;0;1
domingo;SC;470;GASPAR;Desvio temporario;Saida de leito carrocavel;Com Vitimas Feridas;Anoitecer;Ceu Claro;2;0;1;1
domingo;SC;470;BLUMENAU;Trafegar com motocicleta (ou similar) entre as faixas;Colisao frontal;Com Vitimas Feridas;Plena Noite;Nublado;2;0;2;2
segunda-feira;SC;470;INDAIAL;Reacao tardia ou ineficiente do condutor;Colisao traseira;Com Vitimas Feridas;Plena Noite;Ceu Claro;2;0;1;2
segunda-feira;SC;470;RIO DO SUL;Conversao proibida;Colisao transversal;Com Vitimas Feridas;Pleno dia;Ceu Claro;2;0;1;2
segunda-feira;SC;101;SAO JOSE;Transitar no acostamento;Colisao lateral mesmo sentido;Com Vitimas Feridas;Pleno dia;Ceu Claro;2;0;1;2
segunda-feira;SC;101;PALHOCA;Pedestre andava na pista;Atropelamento de Pedestre;Com Vitimas Feridas;Pleno dia;Ceu Claro;3;0;1;2
segunda-feira;SC;101;ITAJAI;Condutor deixou de manter distancia do veiculo da frente;Colisao traseira;Com Vitimas Feridas;Pleno dia;Sol;2;0;1;2
segunda-feira;SC;470;BLUMENAU;Reacao tardia ou ineficiente do condutor;Colisao transversal;Com Vitimas Feridas;Pleno dia;Ceu Claro;2;0;1;2
segunda-feira;SC;101;JOINVILLE;Desrespeitar a preferencia no cruzamento;Colisao transversal;Com Vitimas Feridas;Pleno dia;Sol;2;0;1;2
segunda-feira;SC;116;MAFRA;Desrespeitar a preferencia no cruzamento;Colisao transversal;Com Vitimas Feridas;Pleno dia;Ceu Claro;3;0;1;2
segunda-feira;SC;101;SANGAO;Desrespeitar a preferencia no cruzamento;Colisao transversal;Com Vitimas Feridas;Pleno dia;Ceu Claro;3;0;1;2
segunda-feira;SC;163;SAO MIGUEL DO OESTE;Acessar a via sem observar a presenca dos outros veiculos;Colisao transversal;Com Vitimas Feridas;Pleno dia;Ceu Claro;2;0;2;2
segunda-feira;SC;101;PALHOCA;Velocidade Incompativel;Colisao traseira;Com Vitimas Feridas;Pleno dia;Ceu Claro;3;0;2;2
segunda-feira;SC;101;IMBITUBA;Desrespeitar a preferencia no cruzamento;Colisao transversal;Com Vitimas Feridas;Anoitecer;Ceu Claro;2;0;1;2
segunda-feira;SC;101;PALHOCA;Acessar a via sem observar a presenca dos outros veiculos;Colisao transversal;Com Vitimas Feridas;Anoitecer;Ceu Claro;2;0;1;2
terca-feira;SC;101;SAO JOSE;Condutor deixou de manter distancia do veiculo da frente;Queda de ocupante de veiculo;Com Vitimas Feridas;Pleno dia;Sol;1;0;1;1
terca-feira;SC;280;ARAQUARI;Acessar a via sem observar a presenca dos outros veiculos;Colisao frontal;Com Vitimas Feridas;Pleno dia;Ceu Claro;2;0;1;2
terca-feira;SC;470;RIO DO SUL;Transitar na contramao;Atropelamento de Pedestre;Com Vitimas Feridas;Pleno dia;Ceu Claro;2;0;2;1
terca-feira;SC;101;GARUVA;Objeto estatico sobre o leito carrocavel;Tombamento;Com Vitimas Feridas;Pleno dia;Ceu Claro;3;0;2;2
terca-feira;SC;101;PALHOCA;Trafegar com motocicleta (ou similar) entre as faixas;Colisao lateral mesmo sentido;Com Vitimas Feridas;Pleno dia;Ceu Claro;3;0;2;2
terca-feira;SC;101;BALNEARIO CAMBORIU;Ultrapassagem Indevida;Colisao lateral mesmo sentido;Com Vitimas Feridas;Pleno dia;Ceu Claro;2;0;1;2
quarta-feira;SC;101;JOINVILLE;Manobra de mudanca de faixa;Colisao lateral mesmo sentido;Com Vitimas Feridas;Pleno dia;Chuva;2;0;1;2
terca-feira;SC;101;PALHOCA;Manobra de mudanca de faixa;Colisao traseira;Com Vitimas Feridas;Pleno dia;Sol;2;0;1;2
terca-feira;SC;282;FLORIANOPOLIS;Acessar a via sem observar a presenca dos outros veiculos;Colisao transversal;Com Vitimas Feridas;Plena Noite;Ceu Claro;2;0;1;2
terca-feira;SC;101;ITAJAI;Demais falhas mecanicas ou eletricas;Tombamento;Com Vitimas Feridas;Plena Noite;Ceu Claro;5;0;1;5
terca-feira;SC;101;SAO JOSE;Manobra de mudanca de faixa;Colisao lateral mesmo sentido;Com Vitimas Feridas;Plena Noite;Ceu Claro;2;0;1;2
quarta-feira;SC;101;BARRA VELHA;Reacao tardia ou ineficiente do condutor;Colisao com objeto;Com Vitimas Feridas;Plena Noite;Nublado;1;0;1;1
quarta-feira;SC;101;PESCARIA BRAVA;Condutor deixou de manter distancia do veiculo da frente;Colisao traseira;Com Vitimas Feridas;Plena Noite;Ceu Claro;3;0;2;3
quarta-feira;SC;101;BIGUACU;Condutor deixou de manter distancia do veiculo da frente;Colisao traseira;Com Vitimas Feridas;Pleno dia;Ceu Claro;2;0;1;2
quarta-feira;SC;116;MAFRA;Demais falhas mecanicas ou eletricas;Eventos atipicos;Sem Vitimas;Pleno dia;Ceu Claro;1;0;0;1
sabado;SC;101;PALHOCA;Manobra de mudanca de faixa;Colisao lateral mesmo sentido;Com Vitimas Feridas;Amanhecer;Nublado;2;0;1;2
quinta-feira;SC;101;ITAJAI;Manobra de mudanca de faixa;Colisao traseira;Com Vitimas Feridas;Pleno dia;Nublado;2;0;1;2
quarta-feira;SC;101;PALHOCA;Ausencia de reacao do condutor;Colisao traseira;Com Vitimas Feridas;Pleno dia;Ceu Claro;2;0;1;2