dia_semana;uf;br;municipio;causa_acidente;tipo_acidente;classificacao_acidente;fase_dia;condicao_metereologica;pessoas;mortos;feridos;veiculos
quarta-feira;SC;470;NAVEGANTES;Pedestre cruzava a pista fora da faixa;Atropelamento de Pedestre;Com Vitimas Feridas;Plena Noite;Nublado;2;0;1;1
quarta-feira;SC;280;SAO FRANCISCO DO SUL;Ultrapassagem Indevida;Colisao lateral mesmo sentido;Com Vitimas Feridas;Plena Noite;Nublado;2;0;1;2
quarta-feira;SC;101;MARACAJA;Reacao tardia ou ineficiente do condutor;Colisao traseira;Com Vitimas Feridas;Plena Noite;Ignorado;2;0;2;2
quarta-feira;SC;101;PALHOCA;Ausencia de reacao do condutor;Colisao traseira;Sem Vitimas;Plena Noite;Ceu Claro;2;0;0;2
quarta-feira;SC;153;CONCORDIA;Ingestao de alcool pelo condutor;Colisao frontal;Sem Vitimas;Plena Noite;Chuva;4;0;0;2
quarta-feira;SC;282;VARGEM BONITA;Mal subito do condutor;Colisao frontal;Com Vitimas Feridas;Pleno dia;Chuva;3;0;1;3
quinta-feira;SC;101;SAO JOSE;Ingestao de alcool pelo condutor;Colisao com objeto;Com Vitimas Feridas;Plena Noite;Ceu Claro;1;0;1;1
quarta-feira;SC;101;IMBITUBA;Ingestao de alcool pelo condutor;Colisao traseira;Com Vitimas Feridas;Plena Noite;Ceu Claro;4;0;1;3
quinta-feira;SC;282;XANXERE;Mal subito do condutor;Saida de leito carrocavel;Com Vitimas Feridas;Plena Noite;Nublado;1;0;1;1
quarta-feira;SC;101;LAGUNA;Transitar na contramao;Colisao frontal;Com Vitimas Feridas;Plena Noite;Ceu Claro;2;0;1;2
quarta-feira;SC;101;IMBITUBA;Velocidade Incompativel;Capotamento;Com Vitimas Feridas;Plena Noite;Ceu Claro;1;0;1;1
quinta-feira;SC;101;JOINVILLE;Reacao tardia ou ineficiente do condutor;Colisao traseira;Com Vitimas Feridas;Plena Noite;Nublado;2;0;1;2
quinta-feira;SC;282;BOCAINA DO SUL;Condutor Dormindo;Saida de leito carrocavel;Com Vitimas Feridas;Plena Noite;Nublado;1;0;1;1
quinta-feira;SC;280;MAFRA;Condutor Dormindo;Saida de leito carrocavel;Com Vitimas Feridas;Amanhecer;Nevoeiro/Neblina;1;0;1;1
quinta-feira;SC;282;CAMPOS NOVOS;Problema com o freio;Tombamento;Com Vitimas Feridas;Pleno dia;Nevoeiro/Neblina;1;0;1;1
quinta-feira;SC;101;ARAQUARI;Velocidade Incompativel;Tombamento;Com Vitimas Feridas;Pleno dia;Ceu Claro;1;0;1;1
quinta-feira;SC;101;SAO JOSE;Sinalizacao mal posicionada;Colisao com objeto;Com Vitimas Feridas;Pleno dia;Sol;1;0;1;1
quinta-feira;SC;282;SAUDADES;Neblina;Saida de leito carrocavel;Com Vitimas Feridas;Pleno dia;Nevoeiro/Neblina;1;0;1;1
quinta-feira;SC;101;JAGUARUNA;Manobra de mudanca de faixa;Saida de leito carrocavel;Com Vitimas Fatais;Pleno dia;Ceu Claro;6;1;5;1
quinta-feira;SC;101;SAO JOSE;Condutor deixou de manter distancia do veiculo da frente;Colisao traseira;Com Vitimas Feridas;Pleno dia;Ceu Claro;4;0;1;3
quinta-feira;SC;101;BALNEARIO CAMBORIU;Manobra de mudanca de faixa;Colisao lateral mesmo sentido;Com Vitimas Feridas;Pleno dia;Sol;2;0;1;2
quarta-feira;SC;101;PALHOCA;Condutor deixou de manter distancia do veiculo da frente;Colisao lateral mesmo sentido;Sem Vitimas;Plena Noite;Ignorado;3;0;0;2
quinta-feira;SC;116;LAGES;Velocidade Incompativel;Queda de ocupante de veiculo;Com Vitimas Feridas;Pleno dia;Ceu Claro;1;0;1;1
quinta-feira;SC;101;PALHOCA;Ausencia de reacao do condutor;Colisao traseira;Com Vitimas Feridas;Pleno dia;Ceu Claro;3;0;1;3
quinta-feira;SC;101;GOVERNADOR CELSO RAMOS;Acessar a via sem observar a presenca dos outros veiculos;Colisao lateral mesmo sentido;Sem Vitimas;Plena Noite;Ceu Claro;2;0;0;2
quinta-feira;SC;470;TROMBUDO CENTRAL;Acessar a via sem observar a presenca dos outros veiculos;Colisao transversal;Com Vitimas Feridas;Plena Noite;Ceu Claro;3;0;2;2
quinta-feira;SC;101;JOINVILLE;Ingestao de alcool pelo condutor;Colisao lateral mesmo sentido;Sem Vitimas;Plena Noite;Ceu Claro;2;0;0;2
quinta-feira;SC;470;INDAIAL;Ingestao de alcool pelo condutor;Colisao transversal;Com Vitimas Feridas;Plena Noite;Nublado;2;0;1;2
sexta-feira;SC;101;SAO JOSE;Condutor deixou de manter distancia do veiculo da frente;Colisao traseira;Com Vitimas Feridas;Pleno dia;Sol;2;0;1;2
sexta-feira;SC;282;AGUAS MORNAS;Reacao tardia ou ineficiente do condutor;Saida de leito carrocavel;Com Vitimas Feridas;Pleno dia;Ceu Claro;1;0;1;1
sexta-feira;SC;101;BIGUACU;Avarias e/ou desgaste excessivo no pneu;Tombamento;Com Vitimas Feridas;Pleno dia;Ceu Claro;2;0;2;1
sexta-feira;SC;280;ARAQUARI;Acesso irregular;Saida de leito carrocavel;Com Vitimas Fatais;Pleno dia;Nublado;3;1;0;2
sexta-feira;SC;101;ICARA;Carga excessiva e/ou mal acondicionada;Derramamento de carga;Sem Vitimas;Anoitecer;Ceu Claro;2;0;0;2
sexta-feira;SC;101;TIJUCAS;Ausencia de reacao do condutor;Colisao traseira;Com Vitimas Feridas;Plena Noite;Nublado;3;0;1;2
sexta-feira;SC;101;BIGUACU;Entrada inopinada do pedestre;Atropelamento de Pedestre;Com Vitimas Feridas;Plena Noite;Nublado;2;0;2;1
sexta-feira;SC;101;SAO JOSE;Ausencia de reacao do condutor;Colisao traseira;Com Vitimas Feridas;Plena Noite;Ceu Claro;2;0;1;2
sexta-feira;SC;470;BLUMENAU;Ausencia de reacao do condutor;Tombamento;Com Vitimas Feridas;Plena Noite;Nublado;1;0;1;1
sexta-feira;SC;470;NAVEGANTES;Ausencia de reacao do condutor;Colisao com objeto;Com Vitimas Feridas;Plena Noite;Ceu Claro;1;0;1;1
sexta-feira;SC;101;BALNEARIO CAMBORIU;Ausencia de reacao do condutor;Tombamento;Com Vitimas Feridas;Plena Noite;Nublado;1;0;1;1
sabado;SC;282;CUNHA PORA;Ingestao de alcool pelo condutor;Saida de leito carrocavel;Com Vitimas Feridas;Plena Noite;Ceu Claro;1;0;1;1
sexta-feira;SC;470;IBIRAMA;Demais falhas mecanicas ou eletricas;Tombamento;Com Vitimas Feridas;Plena Noite;Nublado;1;0;1;1
sabado;SC;101;BIGUACU;Velocidade Incompativel;Colisao traseira;Sem Vitimas;Plena Noite;Nublado;3;0;0;2
sabado;SC;101;ICARA;Reacao tardia ou ineficiente do condutor;Saida de leito carrocavel;Com Vitimas Feridas;Plena Noite;Ceu Claro;2;0;2;1
sabado;SC;470;LONTRAS;Reacao tardia ou ineficiente do condutor;Saida de leito carrocavel;Sem Vitimas;Plena Noite;Ceu Claro;1;0;0;1
sabado;SC;280;GUARAMIRIM;Ingestao de alcool pelo condutor;Capotamento;Com Vitimas Feridas;Plena Noite;Nublado;1;0;1;1
sabado;SC;101;ITAJAI;Demais falhas mecanicas ou eletricas;Queda de ocupante de veiculo;Com Vitimas Feridas;Amanhecer;Ceu Claro;2;0;2;1
sabado;SC;101;PAULO LOPES;Velocidade Incompativel;Tombamento;Com Vitimas Feridas;Amanhecer;Ceu Claro;1;0;1;1
sabado;SC;282;ERVAL VELHO;Reacao tardia ou ineficiente do condutor;Colisao traseira;Com Vitimas Feridas;Amanhecer;Nublado;2;0;1;2
sabado;SC;282;XANXERE;Condutor deixou de manter distancia do veiculo da frente;Colisao lateral mesmo sentido;Com Vitimas Feridas;Amanhecer;Nublado;3;0;2;2
sabado;SC;282;XANXERE;Pedestre andava na pista;Atropelamento de Pedestre;Com Vitimas Fatais;Plena Noite;Ceu Claro;2;1;0;1
sabado;SC;282;AGUAS MORNAS;Condutor deixou de manter distancia do veiculo da frente;Colisao traseira;Com Vitimas Feridas;Pleno dia;Sol;3;0;1;2
sabado;SC;101;ICARA;Reacao tardia ou ineficiente do condutor;Capotamento;Com Vitimas Feridas;Pleno dia;Ceu Claro;1;0;1;1
sabado;SC;470;RIO DO SUL;Condutor deixou de manter distancia do veiculo da frente;Engavetamento;Com Vitimas Feridas;Pleno dia;Sol;4;0;1;4
sabado;SC;101;BIGUACU;Mal subito do condutor;Queda de ocupante de veiculo;Com Vitimas Feridas;Pleno dia;Ceu Claro;2;0;2;1
sabado;SC;470;APIUNA;Acessar a via sem observar a presenca dos outros veiculos;Colisao transversal;Com Vitimas Feridas;Pleno dia;Sol;2;0;1;2
sabado;SC;101;PALHOCA;Mal subito do condutor;Tombamento;Com Vitimas Feridas;Pleno dia;Ceu Claro;1;0;1;1
sabado;SC;280;JARAGUA DO SUL;Reacao tardia ou ineficiente do condutor;Colisao transversal;Com Vitimas Feridas;Pleno dia;Ceu Claro;2;0;1;2
sabado;SC;280;PORTO UNIAO;Acessar a via sem observar a presenca dos outros veiculos;Colisao transversal;Com Vitimas Feridas;Pleno dia;Ceu Claro;2;0;1;2
sabado;SC;470;INDAIAL;Ultrapassagem Indevida;Colisao lateral mesmo sentido;Com Vitimas Feridas;Pleno dia;Ceu Claro;2;0;1;2
sabado;SC;101;GARUVA;Manobra de mudanca de faixa;Colisao com objeto;Sem Vitimas;Pleno dia;Ceu Claro;2;0;0;1
sabado;SC;101;ITAPEMA;Ausencia de reacao do condutor;Colisao lateral mesmo sentido;Com Vitimas Feridas;Pleno dia;Ceu Claro;2;0;1;2
sabado;SC;282;HERVAL DOESTE;Manobra de mudanca de faixa;Colisao lateral mesmo sentido;Com Vitimas Feridas;Pleno dia;Ceu Claro;2;0;1;2
sabado;SC;282;PALHOCA;Ingestao de alcool pelo condutor;Colisao lateral sentido oposto;Sem Vitimas;Pleno dia;Ceu Claro;4;0;0;4
sabado;SC;101;PALHOCA;Ingestao de alcool pelo condutor;Tombamento;Com Vitimas Feridas;Plena Noite;Ceu Claro;1;0;1;1
sabado;SC;470;RIO DO SUL;Condutor deixou de manter distancia do veiculo da frente;Colisao traseira;Sem Vitimas;Anoitecer;Ceu Claro;3;0;0;3
sabado;SC;282;XANXERE;Ingestao de alcool pelo condutor;Saida de leito carrocavel;Sem Vitimas;Pleno dia;Ceu Claro;1;0;0;1
sabado;SC;101;PALHOCA;Condutor deixou de manter distancia do veiculo da frente;Colisao traseira;Com Vitimas Feridas;Plena Noite;Ceu Claro;2;0;1;2
sabado;SC;101;PALHOCA;Ingestao de alcool pelo condutor;Colisao traseira;Com Vitimas Feridas;Plena Noite;Ceu Claro;3;0;1;3
sabado;SC;282;IRANI;Desrespeitar a preferencia no cruzamento;Colisao transversal;Com Vitimas Feridas;Pleno dia;Ceu Claro;3;0;1;2
sabado;SC;470;NAVEGANTES;Restricao de visibilidade em curvas horizontais;Tombamento;Sem Vitimas;Plena Noite;Ceu Claro;2;0;0;1
sabado;SC;101;JOINVILLE;Ausencia de reacao do condutor;Saida de leito carrocavel;Com Vitimas Fatais;Pleno dia;Sol;1;1;0;1
sabado;SC;280;CORUPA;Ingestao de alcool pelo condutor;Colisao frontal;Com Vitimas Feridas;Anoitecer;Ceu Claro;5;0;5;2
sabado;SC;101;BIGUACU;Ingestao de alcool pelo condutor;Saida de leito carrocavel;Sem Vitimas;Plena Noite;Ceu Claro;1;0;0;1
sabado;SC;101;SAO JOSE;Ausencia de reacao do condutor;Colisao com objeto;Com Vitimas Feridas;Plena Noite;Ceu Claro;1;0;1;1
sabado;SC;101;IMBITUBA;Pedestre andava na pista;Saida de leito carrocavel;Com Vitimas Feridas;Plena Noite;Ceu Claro;1;0;1;1
sabado;SC;282;SANTO AMARO DA IMPERATRIZ;Ingestao de alcool pelo condutor;Colisao frontal;Com Vitimas Feridas;Plena Noite;Ceu Claro;3;0;1;2
domingo;SC;101;SAO JOSE;Condutor deixou de manter distancia do veiculo da frente;Colisao traseira;Com Vitimas Feridas;Plena Noite;Ceu Claro;2;0;1;2
sabado;SC;470;IBIRAMA;Velocidade Incompativel;Saida de leito carrocavel;Com Vitimas Feridas;Plena Noite;Nublado;2;0;2;1
domingo;SC;116;PAPANDUVA;Velocidade Incompativel;Saida de leito carrocavel;Com Vitimas Fatais;Plena Noite;Nublado;4;2;2;1
domingo;SC;101;BALNEARIO CAMBORIU;Condutor deixou de manter distancia do veiculo da frente;Colisao traseira;Sem Vitimas;Plena Noite;Nublado;2;0;0;2
domingo;SC;101;BARRA VELHA;Velocidade Incompativel;Capotamento;Com Vitimas Feridas;Plena Noite;Nublado;2;0;1;1
domingo;SC;282;JOACABA;Ingestao de alcool pelo condutor;Saida de leito carrocavel;Com Vitimas Feridas;Amanhecer;Chuva;4;0;3;1
domingo;SC;101;PALHOCA;Reacao tardia ou ineficiente do condutor;Tombamento;Com Vitimas Feridas;Pleno dia;Ceu Claro;1;0;1;1
domingo;SC;282;BOM RETIRO;Animais na Pista;Atropelamento de Animal;Com Vitimas Feridas;Amanhecer;Ceu Claro;1;0;1;1
domingo;SC;101;ICARA;Acessar a via sem observar a presenca dos outros veiculos;Colisao transversal;Com Vitimas Feridas;Amanhecer;Nublado;2;0;1;2
domingo;SC;101;BALNEARIO CAMBORIU;Velocidade Incompativel;Colisao lateral mesmo sentido;Com Vitimas Fatais;Pleno dia;Nublado;5;4;1;4
domingo;SC;280;CORUPA;Transitar na contramao;Colisao lateral sentido oposto;Com Vitimas Feridas;Pleno dia;Sol;3;0;3;2
domingo;SC;101;SAO JOSE;Manobra de mudanca de faixa;Colisao lateral mesmo sentido;Sem Vitimas;Pleno dia;Nublado;2;0;0;2
domingo;SC;101;BALNEARIO CAMBORIU;Velocidade Incompativel;Colisao traseira;Com Vitimas Feridas;Pleno dia;Nublado;2;0;1;2
domingo;SC;101;BIGUACU;Reacao tardia ou ineficiente do condutor;Colisao traseira;Com Vitimas Feridas;Pleno dia;Nublado;4;0;1;2
domingo;SC;101;BALNEARIO PICARRAS;Pedestre andava na pista;Atropelamento de Pedestre;Com Vitimas Feridas;Plena Noite;Ceu Claro;2;0;1;1
domingo;SC;282;PINHALZINHO;Velocidade Incompativel;Saida de leito carrocavel;Com Vitimas Feridas;Pleno dia;Chuva;3;0;2;1
domingo;SC;153;PONTE SERRADA;Velocidade Incompativel;Colisao com objeto;Com Vitimas Feridas;Pleno dia;Chuva;5;0;3;1
domingo;SC;101;CAPIVARI DE BAIXO;Ingestao de alcool pelo condutor;Tombamento;Com Vitimas Feridas;Plena Noite;Chuva;1;0;1;1
domingo;SC;282;SANTO AMARO DA IMPERATRIZ;Condutor deixou de manter distancia do veiculo da frente;Colisao traseira;Sem Vitimas;Plena Noite;Chuva;2;0;0;2
domingo;SC;101;ITAJAI;Chuva;Eventos atipicos;Com Vitimas Feridas;Plena Noite;Chuva;2;0;1;2
domingo;SC;101;PALHOCA;Falta de elemento de contencao que evite a saida do leito carrocavel;Capotamento;Sem Vitimas;Plena Noite;Chuva;1;0;0;1
domingo;SC;470;NAVEGANTES;Transitar na contramao;Colisao lateral sentido oposto;Com Vitimas Feridas;Plena Noite;Chuva;2;0;1;2
domingo;SC;101;SANTA ROSA DO SUL;Reacao tardia ou ineficiente do condutor;Saida de leito carrocavel;Com Vitimas Feridas;Plena Noite;Ignorado;1;0;1;1
segunda-feira;SC;101;BALNEARIO CAMBORIU;Ingestao de alcool pelo condutor;Saida de leito carrocavel;Sem Vitimas;Plena Noite;Chuva;1;0;0;1
domingo;SC;101;LAGUNA;Ingestao de alcool pelo condutor;Saida de leito carrocavel;Sem Vitimas;Plena Noite;Chuva;1;0;0;1
segunda-feira;SC;101;SAO JOSE;Condutor Dormindo;Saida de leito carrocavel;Sem Vitimas;Plena Noite;Ceu Claro;1;0;0;1
segunda-feira;SC;101;BIGUACU;Condutor deixou de manter distancia do veiculo da frente;Colisao traseira;Com Vitimas Feridas;Pleno dia;Chuva;4;0;1;4
segunda-feira;SC;470;RIO DO SUL;Trafegar com motocicleta (ou similar) entre as faixas;Colisao transversal;Com Vitimas Feridas;Pleno dia;Chuva;2;0;1;2
segunda-feira;SC;101;PAULO LOPES;Manobra de mudanca de faixa;Saida de leito carrocavel;Com Vitimas Feridas;Pleno dia;Chuva;1;0;1;1
terca-feira;SC;101;PALHOCA;Acessar a via sem observar a presenca dos outros veiculos;Colisao transversal;Com Vitimas Feridas;Pleno dia;Ceu Claro;2;0;1;2
segunda-feira;SC;101;BIGUACU;Velocidade Incompativel;Saida de leito carrocavel;Com Vitimas Feridas;Pleno dia;Garoa/Chuvisco;1;0;1;1
segunda-feira;SC;116;MONTE CASTELO;Velocidade Incompativel;Colisao com objeto;Sem Vitimas;Amanhecer;Chuva;1;0;0;1
segunda-feira;SC;101;SAO JOSE;Condutor deixou de manter distancia do veiculo da frente;Colisao com objeto;Com Vitimas Feridas;Pleno dia;Garoa/Chuvisco;3;0;2;2
segunda-feira;SC;101;PORTO BELO;Velocidade Incompativel;Saida de leito carrocavel;Com Vitimas Feridas;Pleno dia;Nublado;1;0;1;1
segunda-feira;SC;101;PALHOCA;Manobra de mudanca de faixa;Colisao lateral mesmo sentido;Com Vitimas Feridas;Pleno dia;Nublado;3;0;1;3
segunda-feira;SC;101;PAULO LOPES;Velocidade Incompativel;Saida de leito carrocavel;Com Vitimas Feridas;Pleno dia;Chuva;1;0;1;1
segunda-feira;SC;470;RIO DO SUL;Acessar a via sem observar a presenca dos outros veiculos;Colisao transversal;Com Vitimas Feridas;Pleno dia;Nublado;3;0;1;2
segunda-feira;SC;101;BALNEARIO CAMBORIU;Trafegar com motocicleta (ou similar) entre as faixas;Colisao lateral mesmo sentido;Com Vitimas Feridas;Pleno dia;Garoa/Chuvisco;2;0;1;2
segunda-feira;SC;480;CHAPECO;Desrespeitar a preferencia no cruzamento;Colisao frontal;Com Vitimas Feridas;Pleno dia;Ceu Claro;2;0;1;2
segunda-feira;SC;470;NAVEGANTES;Conversao proibida;Colisao transversal;Com Vitimas Feridas;Pleno dia;Nublado;2;0;1;2
segunda-feira;SC;116;SANTA CECILIA;Demais falhas mecanicas ou eletricas;Tombamento;Sem Vitimas;Pleno dia;Ceu Claro;1;0;0;1
segunda-feira;SC;101;ICARA;Frear bruscamente;Tombamento;Com Vitimas Feridas;Plena Noite;Chuva;1;0;1;1
segunda-feira;SC;101;ICARA;Reacao tardia ou ineficiente do condutor;Capotamento;Com Vitimas Feridas;Plena Noite;Chuva;1;0;1;1
segunda-feira;SC;101;SAO JOSE;Ausencia de sinalizacao;Colisao traseira;Com Vitimas Feridas;Plena Noite;Garoa/Chuvisco;3;0;1;3
segunda-feira;SC;101;BALNEARIO CAMBORIU;Acesso irregular;Colisao traseira;Com Vitimas Feridas;Plena Noite;Nublado;4;0;3;3
segunda-feira;SC;101;PALHOCA;Manobra de mudanca de faixa;Tombamento;Com Vitimas Feridas;Plena Noite;Chuva;1;0;1;1
segunda-feira;SC;470;CAMPOS NOVOS;Reacao tardia ou ineficiente do condutor;Tombamento;Com Vitimas Feridas;Pleno dia;Nublado;1;0;1;1
segunda-feira;SC;101;ICARA;Conversao proibida;Colisao transversal;Com Vitimas Feridas;Anoitecer;Chuva;2;0;1;2
segunda-feira;SC;101;ICARA;Demais falhas mecanicas ou eletricas;Colisao traseira;Com Vitimas Feridas;Anoitecer;Chuva;3;0;2;2
segunda-feira;SC;101;SAO JOSE;Condutor deixou de manter distancia do veiculo da frente;Colisao traseira;Com Vitimas Feridas;Plena Noite;Nublado;2;0;1;2
segunda-feira;SC;116;LAGES;Ingestao de alcool pelo condutor;Colisao com objeto;Sem Vitimas;Plena Noite;Ceu Claro;1;0;0;1
terca-feira;SC;470;IBIRAMA;Demais falhas mecanicas ou eletricas;Incendio;Sem Vitimas;Plena Noite;Garoa/Chuvisco;1;0;0;1
terca-feira;SC;101;PAULO LOPES;Ingestao de alcool pelo condutor;Saida de leito carrocavel;Com Vitimas Feridas;Plena Noite;Nublado;1;0;1;1
terca-feira;SC;470;INDAIAL;Entrada inopinada do pedestre;Atropelamento de Pedestre;Com Vitimas Fatais;Pleno dia;Garoa/Chuvisco;2;1;0;1
terca-feira;SC;470;LONTRAS;Velocidade Incompativel;Saida de leito carrocavel;Com Vitimas Feridas;Pleno dia;Nublado;1;0;1;1
terca-feira;SC;101;BALNEARIO CAMBORIU;Manobra de mudanca de faixa;Colisao lateral mesmo sentido;Com Vitimas Feridas;Pleno dia;Nublado;2;0;1;2
terca-feira;SC;101;JOINVILLE;Desrespeitar a preferencia no cruzamento;Colisao transversal;Com Vitimas Feridas;Pleno dia;Garoa/Chuvisco;2;0;1;2
terca-feira;SC;116;MONTE CASTELO;Velocidade Incompativel;Capotamento;Com Vitimas Feridas;Amanhecer;Chuva;1;0;1;1
terca-feira;SC;101;SANGAO;Reacao tardia ou ineficiente do condutor;Colisao traseira;Com Vitimas Feridas;Pleno dia;Ceu Claro;2;0;1;2
terca-feira;SC;101;ITAPEMA;Manobra de mudanca de faixa;Colisao lateral mesmo sentido;Com Vitimas Feridas;Pleno dia;Nublado;3;0;1;2
terca-feira;SC;101;CRICIUMA;Ausencia de reacao do condutor;Colisao traseira;Com Vitimas Feridas;Pleno dia;Nublado;2;0;1;2
terca-feira;SC;101;SAO JOSE;Ausencia de reacao do condutor;Colisao traseira;Com Vitimas Feridas;Plena Noite;Ceu Claro;2;0;1;2
terca-feira;SC;470;POUSO REDONDO;Chuva;Tombamento;Com Vitimas Feridas;Pleno dia;Garoa/Chuvisco;1;0;1;1
terca-feira;SC;470;POUSO REDONDO;Velocidade Incompativel;Colisao frontal;Com Vitimas Feridas;Pleno dia;Chuva;2;0;2;2
terca-feira;SC;101;TUBARAO;Acessar a via sem observar a presenca dos outros veiculos;Colisao transversal;Com Vitimas Feridas;Anoitecer;Chuva;2;0;1;2
terca-feira;SC;101;CAPIVARI DE BAIXO;Desrespeitar a preferencia no cruzamento;Colisao transversal;Com Vitimas Feridas;Anoitecer;Chuva;2;0;1;2
terca-feira;SC;282;PALHOCA;Ausencia de reacao do condutor;Colisao traseira;Com Vitimas Feridas;Plena Noite;Chuva;2;0;1;2
terca-feira;SC;101;ITAPEMA;Desrespeitar a preferencia no cruzamento;Colisao transversal;Com Vitimas Feridas;Plena Noite;Chuva;2;0;1;2
terca-feira;SC;280;SAO BENTO DO SUL;Pista Escorregadia;Capotamento;Com Vitimas Feridas;Anoitecer;Garoa/Chuvisco;2;0;2;1
terca-feira;SC;280;JARAGUA DO SUL;Acesso irregular;Colisao transversal;Com Vitimas Feridas;Plena Noite;Chuva;2;0;1;2
terca-feira;SC;280;CORUPA;Curva acentuada;Tombamento;Sem Vitimas;Pleno dia;Chuva;1;0;0;1
terca-feira;SC;280;RIO NEGRINHO;Acessar a via sem observar a presenca dos outros veiculos;Colisao transversal;Com Vitimas Feridas;Plena Noite;Garoa/Chuvisco;2;0;1;2
terca-feira;SC;470;APIUNA;Ausencia de reacao do condutor;Colisao lateral sentido oposto;Com Vitimas Feridas;Pleno dia;Sol;2;0;1;2
terca-feira;SC;470;LONTRAS;Reacao tardia ou ineficiente do condutor;Colisao frontal;Com Vitimas Fatais;Plena Noite;Chuva;2;1;0;2
terca-feira;SC;470;POUSO REDONDO;Reacao tardia ou ineficiente do condutor;Colisao traseira;Sem Vitimas;Plena Noite;Garoa/Chuvisco;2;0;0;2
quarta-feira;SC;101;LAGUNA;Ingestao de alcool pelo condutor;Saida de leito carrocavel;Sem Vitimas;Plena Noite;Chuva;1;0;0;1
quarta-feira;SC;101;SAO JOSE;Manobra de mudanca de faixa;Queda de ocupante de veiculo;Com Vitimas Feridas;Pleno dia;Chuva;1;0;1;1
quarta-feira;SC;101;PALHOCA;Velocidade Incompativel;Colisao com objeto;Sem Vitimas;Pleno dia;Chuva;1;0;0;1
quarta-feira;SC;116;LAGES;Conversao proibida;Colisao transversal;Sem Vitimas;Pleno dia;Ceu Claro;2;0;0;2
quarta-feira;SC;480;CHAPECO;Condutor deixou de manter distancia do veiculo da frente;Colisao traseira;Sem Vitimas;Pleno dia;Nublado;2;0;0;2
quarta-feira;SC;101;PALHOCA;Condutor deixou de manter distancia do veiculo da frente;Tombamento;Com Vitimas Feridas;Pleno dia;Chuva;1;0;1;1
quinta-feira;SC;280;ARAQUARI;Condutor deixou de manter distancia do veiculo da frente;Colisao traseira;Com Vitimas Feridas;Pleno dia;Ceu Claro;3;0;1;3
quarta-feira;SC;280;GUARAMIRIM;Desrespeitar a preferencia no cruzamento;Colisao transversal;Com Vitimas Feridas;Pleno dia;Ceu Claro;3;0;1;2
quarta-feira;SC;470;SAO CRISTOVAO DO SUL;Velocidade Incompativel;Tombamento;Com Vitimas Feridas;Pleno dia;Chuva;1;0;1;1
quarta-feira;SC;101;MORRO DA FUMACA;Chuva;Saida de leito carrocavel;Com Vitimas Feridas;Pleno dia;Chuva;2;0;2;1
quarta-feira;SC;101;BALNEARIO CAMBORIU;Acesso irregular;Colisao transversal;Com Vitimas Feridas;Pleno dia;Ceu Claro;2;0;1;2
quarta-feira;SC;470;BLUMENAU;Condutor deixou de manter distancia do veiculo da frente;Colisao traseira;Com Vitimas Feridas;Pleno dia;Ceu Claro;2;0;1;2
quarta-feira;SC;101;SAO JOSE;Acessar a via sem observar a presenca dos outros veiculos;Colisao transversal;Sem Vitimas;Pleno dia;Ceu Claro;2;0;0;2
quarta-feira;SC;282;ERVAL VELHO;Velocidade Incompativel;Saida de leito carrocavel;Com Vitimas Feridas;Pleno dia;Nublado;1;0;1;1
quarta-feira;SC;101;PORTO BELO;Acessar a via sem observar a presenca dos outros veiculos;Colisao traseira;Com Vitimas Feridas;Plena Noite;Nublado;2;0;1;2
quarta-feira;SC;101;PORTO BELO;Velocidade Incompativel;Tombamento;Com Vitimas Feridas;Plena Noite;Nublado;1;0;1;1
quarta-feira;SC;116;CORREIA PINTO;Velocidade Incompativel;Tombamento;Com Vitimas Feridas;Pleno dia;Ceu Claro;1;0;1;1
quarta-feira;SC;101;ITAJAI;Manobra de mudanca de faixa;Colisao lateral mesmo sentido;Com Vitimas Feridas;Pleno dia;Nublado;2;0;1;2
quarta-feira;SC;280;RIO NEGRINHO;Reacao tardia ou ineficiente do condutor;Queda de ocupante de veiculo;Com Vitimas Feridas;Plena Noite;Ceu Claro;1;0;1;1
quarta-feira;SC;101;ITAJAI;Manobra de mudanca de faixa;Colisao traseira;Com Vitimas Feridas;Plena Noite;Ceu Claro;2;0;1;2
quarta-feira;SC;101;SANGAO;Condutor Dormindo;Saida de leito carrocavel;Com Vitimas Feridas;Plena Noite;Nublado;2;0;2;1
quarta-feira;SC;101;BIGUACU;Ingestao de alcool pelo condutor;Colisao traseira;Com Vitimas Feridas;Plena Noite;Ceu Claro;2;0;1;2
quarta-feira;SC;101;ITAJAI;Pista esburacada;Tombamento;Com Vitimas Feridas;Plena Noite;Ceu Claro;1;0;1;1
quarta-feira;SC;470;IBIRAMA;Velocidade Incompativel;Tombamento;Com Vitimas Feridas;Pleno dia;Sol;4;0;2;4
quarta-feira;SC;101;LAGUNA;Reacao tardia ou ineficiente do condutor;Saida de leito carrocavel;Sem Vitimas;Plena Noite;Nublado;1;0;0;1
quarta-feira;SC;101;SOMBRIO;Acumulo de areia ou detritos sobre o pavimento;Tombamento;Com Vitimas Feridas;Plena Noite;Nevoeiro/Neblina;1;0;1;1
quinta-feira;SC;282;ALFREDO WAGNER;Ingestao de alcool pelo condutor;Colisao lateral sentido oposto;Com Vitimas Feridas;Plena Noite;Ceu Claro;2;0;1;2