dia_semana;uf;br;municipio;causa_acidente;tipo_acidente;classificacao_acidente;fase_dia;condicao_metereologica;pessoas;mortos;feridos;veiculos
quarta-feira;SC;116;CORREIA PINTO;Mal subito do condutor;Tombamento;Com Vitimas Feridas;Plena Noite;Ceu Claro;1;0;1;1
quinta-feira;SC;101;TUBARAO;Manobra de mudanca de faixa;Saida de leito carrocavel;Com Vitimas Feridas;Plena Noite;Ceu Claro;2;0;1;2
quinta-feira;SC;282;XAXIM;Ingestao de alcool pelo condutor;Saida de leito carrocavel;Sem Vitimas;Plena Noite;Ceu Claro;1;0;0;1
quinta-feira;SC;101;PALHOCA;Condutor Dormindo;Saida de leito carrocavel;Com Vitimas Feridas;Plena Noite;Ceu Claro;1;0;1;1
quinta-feira;SC;470;APIUNA;Reacao tardia ou ineficiente do condutor;Capotamento;Com Vitimas Feridas;Pleno dia;Sol;1;0;1;1
quinta-feira;SC;470;BLUMENAU;Conversao proibida;Colisao transversal;Com Vitimas Feridas;Pleno dia;Nublado;2;0;1;2
quinta-feira;SC;470;SAO CRISTOVAO DO SUL;Condutor Dormindo;Colisao frontal;Com Vitimas Fatais;Pleno dia;Nublado;3;1;1;2
quinta-feira;SC;101;BIGUACU;Carga excessiva e/ou mal acondicionada;Colisao lateral mesmo sentido;Sem Vitimas;Pleno dia;Nublado;2;0;0;2
quinta-feira;SC;116;PONTE ALTA;Velocidade Incompativel;Colisao frontal;Com Vitimas Feridas;Pleno dia;Chuva;3;0;2;2
quinta-feira;SC;116;MAFRA;Desrespeitar a preferencia no cruzamento;Colisao transversal;Com Vitimas Feridas;Pleno dia;Nublado;2;0;1;2
sabado;SC;282;CUNHA PORA;Ingestao de alcool pelo condutor;Colisao frontal;Com Vitimas Feridas;Plena Noite;Ceu Claro;3;0;2;2
quinta-feira;SC;470;LONTRAS;Acessar a via sem observar a presenca dos outros veiculos;Tombamento;Com Vitimas Feridas;Pleno dia;Chuva;2;0;1;2
quinta-feira;SC;163;DIONISIO CERQUEIRA;Desrespeitar a preferencia no cruzamento;Colisao transversal;Com Vitimas Feridas;Pleno dia;Ceu Claro;2;0;1;2
quinta-feira;SC;163;SAO MIGUEL DO OESTE;Transitar na contramao;Colisao lateral sentido oposto;Com Vitimas Feridas;Pleno dia;Nublado;3;0;3;2
quinta-feira;SC;280;RIO NEGRINHO;Conversao proibida;Colisao lateral sentido oposto;Com Vitimas Feridas;Plena Noite;Garoa/Chuvisco;2;0;1;2
quinta-feira;SC;101;PALHOCA;Reacao tardia ou ineficiente do condutor;Saida de leito carrocavel;Com Vitimas Feridas;Plena Noite;Chuva;1;0;1;1
quinta-feira;SC;101;TUBARAO;Manobra de mudanca de faixa;Tombamento;Com Vitimas Feridas;Plena Noite;Ceu Claro;2;0;2;1
sexta-feira;SC;101;BALNEARIO CAMBORIU;Ausencia de reacao do condutor;Colisao com objeto;Com Vitimas Feridas;Plena Noite;Garoa/Chuvisco;1;0;1;1
quinta-feira;SC;280;PORTO UNIAO;Transitar na contramao;Colisao frontal;Com Vitimas Feridas;Plena Noite;Nevoeiro/Neblina;5;0;4;2
sexta-feira;SC;470;BLUMENAU;Reacao tardia ou ineficiente do condutor;Colisao lateral mesmo sentido;Com Vitimas Feridas;Pleno dia;Ceu Claro;2;0;1;2
sexta-feira;SC;470;NAVEGANTES;Condutor deixou de manter distancia do veiculo da frente;Colisao traseira;Com Vitimas Feridas;Pleno dia;Ceu Claro;2;0;1;2
sexta-feira;SC;470;RIO DO SUL;Condutor deixou de manter distancia do veiculo da frente;Colisao traseira;Sem Vitimas;Pleno dia;Ceu Claro;2;0;0;2
sabado;SC;101;BARRA VELHA;Ingestao de alcool pelo condutor;Colisao traseira;Com Vitimas Feridas;Plena Noite;Garoa/Chuvisco;2;0;1;2
sexta-feira;SC;282;AGUAS MORNAS;Condutor deixou de manter distancia do veiculo da frente;Engavetamento;Com Vitimas Feridas;Pleno dia;Sol;5;0;1;4
sexta-feira;SC;101;PALHOCA;Demais falhas mecanicas ou eletricas;Colisao com objeto;Com Vitimas Feridas;Pleno dia;Ceu Claro;1;0;1;1
sexta-feira;SC;101;ITAJAI;Manobra de mudanca de faixa;Colisao lateral mesmo sentido;Com Vitimas Feridas;Pleno dia;Ceu Claro;2;0;1;2
sexta-feira;SC;470;IBIRAMA;Manobra de mudanca de faixa;Colisao lateral mesmo sentido;Com Vitimas Feridas;Pleno dia;Sol;4;0;3;2
sabado;SC;101;LAGUNA;Velocidade Incompativel;Colisao traseira;Com Vitimas Feridas;Plena Noite;Nublado;3;0;1;2
sexta-feira;SC;470;BLUMENAU;Ingestao de alcool pelo condutor;Colisao lateral mesmo sentido;Com Vitimas Feridas;Pleno dia;Ceu Claro;2;0;1;2
terca-feira;SC;101;TUBARAO;Ultrapassagem Indevida;Colisao frontal;Com Vitimas Feridas;Anoitecer;Ceu Claro;3;0;2;2
sexta-feira;SC;282;SAO JOSE;Trafegar com motocicleta (ou similar) entre as faixas;Colisao traseira;Com Vitimas Feridas;Pleno dia;Sol;2;0;1;2
sexta-feira;SC;101;BALNEARIO CAMBORIU;Condutor deixou de manter distancia do veiculo da frente;Colisao traseira;Com Vitimas Feridas;Pleno dia;Nublado;2;0;1;2
sexta-feira;SC;101;ARAQUARI;Demais falhas mecanicas ou eletricas;Tombamento;Com Vitimas Feridas;Pleno dia;Sol;1;0;1;1
sexta-feira;SC;282;PALHOCA;Pedestre cruzava a pista fora da faixa;Atropelamento de Pedestre;Com Vitimas Feridas;Anoitecer;Ceu Claro;2;0;1;1
sexta-feira;SC;480;CHAPECO;Desrespeitar a preferencia no cruzamento;Colisao transversal;Com Vitimas Feridas;Pleno dia;Ceu Claro;2;0;1;2
sexta-feira;SC;101;PALHOCA;Frear bruscamente;Queda de ocupante de veiculo;Com Vitimas Feridas;Pleno dia;Ceu Claro;2;0;1;1
sexta-feira;SC;101;BALNEARIO CAMBORIU;Ausencia de reacao do condutor;Tombamento;Com Vitimas Feridas;Anoitecer;Ceu Claro;1;0;1;1
sexta-feira;SC;101;ITAJAI;Ausencia de reacao do condutor;Tombamento;Com Vitimas Feridas;Plena Noite;Ceu Claro;1;0;1;1
sexta-feira;SC;101;MARACAJA;Pedestre cruzava a pista fora da faixa;Atropelamento de Pedestre;Com Vitimas Feridas;Plena Noite;Ceu Claro;2;0;1;1
sexta-feira;SC;101;ARAQUARI;Deficiencia do Sistema de Iluminacao/Sinalizacao;Colisao traseira;Com Vitimas Feridas;Plena Noite;Ceu Claro;4;0;2;2
sexta-feira;SC;116;SANTA CECILIA;Transitar na contramao;Colisao frontal;Sem Vitimas;Plena Noite;Ceu Claro;2;0;0;2
sabado;SC;101;SAO JOSE;Ingestao de alcool pelo condutor;Colisao com objeto;Sem Vitimas;Plena Noite;Ceu Claro;1;0;0;1
sabado;SC;101;ITAPEMA;Ingestao de alcool pelo condutor;Colisao com objeto;Com Vitimas Feridas;Plena Noite;Ceu Claro;1;0;1;1
sabado;SC;163;SAO MIGUEL DO OESTE;Ausencia de sinalizacao;Saida de leito carrocavel;Com Vitimas Feridas;Amanhecer;Ceu Claro;1;0;1;1
sabado;SC;101;BALNEARIO CAMBORIU;Chuva;Tombamento;Com Vitimas Feridas;Plena Noite;Garoa/Chuvisco;1;0;1;1
sabado;SC;101;SANGAO;Velocidade Incompativel;Colisao lateral mesmo sentido;Com Vitimas Feridas;Pleno dia;Ceu Claro;4;0;1;3
sexta-feira;SC;101;ITAJAI;Condutor deixou de manter distancia do veiculo da frente;Engavetamento;Com Vitimas Feridas;Plena Noite;Ceu Claro;3;0;2;3
sabado;SC;101;SAO JOSE;Condutor deixou de manter distancia do veiculo da frente;Colisao lateral mesmo sentido;Com Vitimas Feridas;Pleno dia;Ceu Claro;3;0;1;3
sabado;SC;101;BALNEARIO CAMBORIU;Reacao tardia ou ineficiente do condutor;Tombamento;Com Vitimas Feridas;Pleno dia;Sol;1;0;1;1
sabado;SC;101;BALNEARIO CAMBORIU;Ausencia de reacao do condutor;Colisao com objeto;Sem Vitimas;Plena Noite;Nublado;1;0;0;1
sabado;SC;101;SAO JOSE;Condutor deixou de manter distancia do veiculo da frente;Colisao traseira;Com Vitimas Feridas;Pleno dia;Ceu Claro;4;0;1;2
sabado;SC;101;SOMBRIO;Desrespeitar a preferencia no cruzamento;Colisao transversal;Com Vitimas Feridas;Pleno dia;Ceu Claro;3;0;1;2
sabado;SC;101;JOINVILLE;Manobra de mudanca de faixa;Colisao com objeto;Sem Vitimas;Pleno dia;Ceu Claro;1;0;0;1
sabado;SC;101;NAVEGANTES;Acessar a via sem observar a presenca dos outros veiculos;Colisao lateral mesmo sentido;Com Vitimas Feridas;Pleno dia;Ceu Claro;3;0;1;2
sabado;SC;282;FLORIANOPOLIS;Condutor deixou de manter distancia do veiculo da frente;Colisao lateral mesmo sentido;Com Vitimas Feridas;Pleno dia;Sol;2;0;1;2
sabado;SC;101;IMBITUBA;Acessar a via sem observar a presenca dos outros veiculos;Colisao lateral mesmo sentido;Com Vitimas Feridas;Pleno dia;Ceu Claro;3;0;1;2
sabado;SC;101;ITAJAI;Condutor deixou de manter distancia do veiculo da frente;Colisao traseira;Com Vitimas Feridas;Pleno dia;Ceu Claro;4;0;1;2
sabado;SC;101;ICARA;Manobra de mudanca de faixa;Colisao lateral mesmo sentido;Com Vitimas Feridas;Pleno dia;Sol;3;0;2;2
sabado;SC;282;NOVA ERECHIM;Ingestao de alcool pelo condutor;Colisao frontal;Com Vitimas Fatais;Pleno dia;Ceu Claro;4;1;3;3
sabado;SC;280;ARAQUARI;Condutor deixou de manter distancia do veiculo da frente;Colisao lateral mesmo sentido;Com Vitimas Feridas;Pleno dia;Ceu Claro;4;0;1;2
quinta-feira;SC;101;IMBITUBA;Manobra de mudanca de faixa;Colisao transversal;Com Vitimas Feridas;Pleno dia;Ceu Claro;3;0;2;2
sabado;SC;280;JARAGUA DO SUL;Acessar a via sem observar a presenca dos outros veiculos;Colisao transversal;Com Vitimas Feridas;Plena Noite;Ceu Claro;2;0;2;1
sabado;SC;101;ITAPEMA;Condutor deixou de manter distancia do veiculo da frente;Colisao traseira;Com Vitimas Feridas;Plena Noite;Nublado;2;0;1;2
sabado;SC;282;XANXERE;Desrespeitar a preferencia no cruzamento;Colisao transversal;Com Vitimas Feridas;Plena Noite;Nublado;2;0;1;2
sabado;SC;101;SAO JOSE;Pedestre andava na pista;Atropelamento de Pedestre;Com Vitimas Feridas;Plena Noite;Ceu Claro;3;0;1;1
sabado;SC;101;CAPIVARI DE BAIXO;Ingestao de alcool pelo condutor;Saida de leito carrocavel;Com Vitimas Feridas;Plena Noite;Ceu Claro;2;0;2;1
sabado;SC;101;IMBITUBA;Reacao tardia ou ineficiente do condutor;Colisao lateral mesmo sentido;Sem Vitimas;Plena Noite;Ceu Claro;2;0;0;2
sabado;SC;101;MARACAJA;Ingestao de alcool pelo condutor;Saida de leito carrocavel;Sem Vitimas;Plena Noite;Ceu Claro;1;0;0;1
sabado;SC;101;ITAPEMA;Ausencia de reacao do condutor;Tombamento;Com Vitimas Feridas;Plena Noite;Ceu Claro;1;0;1;1
sabado;SC;101;SAO JOSE;Condutor deixou de manter distancia do veiculo da frente;Colisao traseira;Sem Vitimas;Plena Noite;Nublado;2;0;0;2
sabado;SC;163;DIONISIO CERQUEIRA;Ausencia de reacao do condutor;Saida de leito carrocavel;Sem Vitimas;Plena Noite;Ceu Claro;1;0;0;1
domingo;SC;101;PALHOCA;Ingestao de alcool pelo condutor;Colisao com objeto;Sem Vitimas;Plena Noite;Ceu Claro;1;0;0;1
domingo;SC;282;ALFREDO WAGNER;Ingestao de alcool pelo condutor;Colisao lateral sentido oposto;Com Vitimas Feridas;Plena Noite;Ceu Claro;3;0;2;3
domingo;SC;101;SAO JOSE;Demais falhas mecanicas ou eletricas;Colisao com objeto;Sem Vitimas;Plena Noite;Ceu Claro;2;0;0;1
domingo;SC;116;PAPANDUVA;Ausencia de reacao do condutor;Colisao com objeto;Com Vitimas Feridas;Plena Noite;Nevoeiro/Neblina;2;0;1;1
domingo;SC;282;XAXIM;Ultrapassagem Indevida;Colisao lateral sentido oposto;Sem Vitimas;Amanhecer;Ceu Claro;3;0;0;1
domingo;SC;116;CORREIA PINTO;Carga excessiva e/ou mal acondicionada;Colisao com objeto;Sem Vitimas;Pleno dia;Ceu Claro;1;0;0;1
domingo;SC;101;BALNEARIO CAMBORIU;Ausencia de reacao do condutor;Engavetamento;Com Vitimas Feridas;Pleno dia;Ceu Claro;5;0;3;3
domingo;SC;282;BOM RETIRO;Reacao tardia ou ineficiente do condutor;Colisao com objeto;Com Vitimas Feridas;Pleno dia;Ceu Claro;2;0;1;1
domingo;SC;470;POUSO REDONDO;Afundamento ou ondulacao no pavimento;Tombamento;Com Vitimas Feridas;Pleno dia;Ceu Claro;2;0;2;1
domingo;SC;282;SAO JOSE;Reacao tardia ou ineficiente do condutor;Colisao com objeto;Com Vitimas Feridas;Pleno dia;Ceu Claro;2;0;2;1
domingo;SC;280;SAO BENTO DO SUL;Acessar a via sem observar a presenca dos outros veiculos;Colisao traseira;Com Vitimas Feridas;Pleno dia;Ceu Claro;3;0;3;2
domingo;SC;101;NAVEGANTES;Velocidade Incompativel;Tombamento;Com Vitimas Feridas;Pleno dia;Ceu Claro;1;0;1;1
domingo;SC;470;CURITIBANOS;Falta de elemento de contencao que evite a saida do leito carrocavel;Saida de leito carrocavel;Com Vitimas Feridas;Pleno dia;Ceu Claro;2;0;1;1
domingo;SC;101;IMBITUBA;Acessar a via sem observar a presenca dos outros veiculos;Colisao transversal;Sem Vitimas;Plena Noite;Ceu Claro;6;0;0;2
domingo;SC;282;PASSOS MAIA;Ultrapassagem Indevida;Colisao frontal;Com Vitimas Fatais;Pleno dia;Ceu Claro;2;1;0;2
domingo;SC;470;AGRONOMICA;Velocidade Incompativel;Engavetamento;Com Vitimas Feridas;Plena Noite;Ceu Claro;4;0;1;4
domingo;SC;280;GUARAMIRIM;Transitar na contramao;Colisao frontal;Com Vitimas Fatais;Plena Noite;Nublado;2;1;1;2
domingo;SC;101;ITAPEMA;Velocidade Incompativel;Colisao traseira;Com Vitimas Feridas;Plena Noite;Ceu Claro;2;0;1;2
domingo;SC;282;PALHOCA;Ingestao de alcool pelo condutor;Colisao transversal;Com Vitimas Feridas;Plena Noite;Ceu Claro;2;0;1;2
domingo;SC;116;MAFRA;Acessar a via sem observar a presenca dos outros veiculos;Colisao lateral mesmo sentido;Com Vitimas Feridas;Plena Noite;Ceu Claro;3;0;1;2
domingo;SC;470;NAVEGANTES;Restricao de visibilidade em curvas horizontais;Colisao traseira;Com Vitimas Feridas;Anoitecer;Ceu Claro;2;0;1;2
domingo;SC;470;ILHOTA;Ingestao de alcool pelo condutor;Saida de leito carrocavel;Sem Vitimas;Plena Noite;Nublado;1;0;0;1
domingo;SC;101;ARARANGUA;Manobra de mudanca de faixa;Colisao transversal;Com Vitimas Feridas;Plena Noite;Ceu Claro;4;0;4;2
segunda-feira;SC;470;CURITIBANOS;Velocidade Incompativel;Capotamento;Com Vitimas Feridas;Amanhecer;Nevoeiro/Neblina;1;0;1;1
sexta-feira;SC;470;INDAIAL;Acessar a via sem observar a presenca dos outros veiculos;Colisao transversal;Com Vitimas Feridas;Pleno dia;Sol;2;0;1;2
sexta-feira;SC;470;BLUMENAU;Ultrapassagem Indevida;Colisao transversal;Com Vitimas Feridas;Anoitecer;Ceu Claro;3;0;1;2
segunda-feira;SC;470;BLUMENAU;Conversao proibida;Colisao lateral mesmo sentido;Com Vitimas Feridas;Pleno dia;Sol;2;0;1;2
domingo;SC;470;GASPAR;Iluminacao deficiente;Queda de ocupante de veiculo;Com Vitimas Feridas;Plena Noite;Nublado;1;0;1;1
segunda-feira;SC;101;CRICIUMA;Condutor Dormindo;Colisao traseira;Com Vitimas Feridas;Plena Noite;Nevoeiro/Neblina;2;0;1;2
segunda-feira;SC;101;BIGUACU;Velocidade Incompativel;Colisao traseira;Com Vitimas Feridas;Amanhecer;Nublado;1;0;1;1
domingo;SC;116;ITAIOPOLIS;Ingestao de alcool pelo condutor;Colisao transversal;Com Vitimas Feridas;Plena Noite;Ceu Claro;2;0;1;2
domingo;SC;116;SANTA CECILIA;Ingestao de alcool pelo condutor;Colisao transversal;Com Vitimas Feridas;Plena Noite;Nublado;2;0;1;2
segunda-feira;SC;116;CORREIA PINTO;Reacao tardia ou ineficiente do condutor;Colisao frontal;Com Vitimas Feridas;Amanhecer;Nevoeiro/Neblina;2;0;1;2
segunda-feira;SC;470;INDAIAL;Conversao proibida;Colisao transversal;Com Vitimas Feridas;Pleno dia;Ceu Claro;2;0;1;2
sexta-feira;SC;101;JOINVILLE;Manobra de mudanca de faixa;Colisao lateral mesmo sentido;Com Vitimas Feridas;Pleno dia;Ceu Claro;2;0;1;2
segunda-feira;SC;101;JOINVILLE;Pista Escorregadia;Tombamento;Com Vitimas Feridas;Pleno dia;Sol;1;0;1;1
segunda-feira;SC;101;SAO JOSE;Reacao tardia ou ineficiente do condutor;Colisao traseira;Com Vitimas Feridas;Pleno dia;Ceu Claro;2;0;1;2
segunda-feira;SC;101;BIGUACU;Reacao tardia ou ineficiente do condutor;Colisao transversal;Com Vitimas Feridas;Pleno dia;Sol;3;0;2;2
segunda-feira;SC;101;SAO JOSE;Condutor deixou de manter distancia do veiculo da frente;Colisao traseira;Com Vitimas Feridas;Pleno dia;Ceu Claro;2;0;1;2
segunda-feira;SC;282;NOVA ERECHIM;Pista esburacada;Colisao frontal;Com Vitimas Fatais;Pleno dia;Sol;3;2;0;2
segunda-feira;SC;470;NAVEGANTES;Ausencia de reacao do condutor;Colisao lateral sentido oposto;Com Vitimas Feridas;Pleno dia;Ceu Claro;2;0;1;2
segunda-feira;SC;101;BARRA VELHA;Pedestre cruzava a pista fora da faixa;Atropelamento de Pedestre;Com Vitimas Fatais;Pleno dia;Sol;2;1;0;1
segunda-feira;SC;101;JOINVILLE;Reacao tardia ou ineficiente do condutor;Colisao traseira;Com Vitimas Feridas;Pleno dia;Ceu Claro;2;0;1;2
segunda-feira;SC;116;MAFRA;Condutor deixou de manter distancia do veiculo da frente;Colisao traseira;Com Vitimas Feridas;Pleno dia;Sol;2;0;1;2
segunda-feira;SC;280;RIO NEGRINHO;Condutor deixou de manter distancia do veiculo da frente;Colisao traseira;Com Vitimas Feridas;Pleno dia;Ceu Claro;2;0;1;2
segunda-feira;SC;470;RIO DO SUL;Desrespeitar a preferencia no cruzamento;Colisao transversal;Com Vitimas Feridas;Plena Noite;Ceu Claro;2;0;1;2
segunda-feira;SC;470;GASPAR;Ausencia de reacao do condutor;Colisao transversal;Com Vitimas Feridas;Anoitecer;Ceu Claro;6;0;4;4
sexta-feira;SC;280;CORUPA;Ultrapassagem Indevida;Colisao lateral mesmo sentido;Com Vitimas Feridas;Plena Noite;Nublado;2;0;1;2
segunda-feira;SC;282;FAXINAL DOS GUEDES;Velocidade Incompativel;Tombamento;Sem Vitimas;Pleno dia;Sol;1;0;0;1
segunda-feira;SC;282;ALFREDO WAGNER;Reacao tardia ou ineficiente do condutor;Saida de leito carrocavel;Com Vitimas Feridas;Pleno dia;Ceu Claro;1;0;1;1
segunda-feira;SC;470;INDAIAL;Pedestre andava na pista;Atropelamento de Pedestre;Com Vitimas Fatais;Plena Noite;Nublado;2;1;0;1
segunda-feira;SC;101;JOINVILLE;Reacao tardia ou ineficiente do condutor;Saida de leito carrocavel;Com Vitimas Feridas;Plena Noite;Ceu Claro;1;0;1;1
segunda-feira;SC;116;MONTE CASTELO;Velocidade Incompativel;Tombamento;Com Vitimas Feridas;Plena Noite;Ceu Claro;1;0;1;1
terca-feira;SC;101;PALHOCA;Ingestao de alcool pelo condutor;Colisao com objeto;Com Vitimas Feridas;Plena Noite;Ceu Claro;2;0;1;1
terca-feira;SC;101;PALHOCA;Ausencia de reacao do condutor;Colisao traseira;Com Vitimas Feridas;Pleno dia;Ceu Claro;2;0;1;2
terca-feira;SC;101;PALHOCA;Desrespeitar a preferencia no cruzamento;Colisao transversal;Com Vitimas Feridas;Pleno dia;Ceu Claro;2;0;1;2
terca-feira;SC;470;NAVEGANTES;Acesso irregular;Colisao transversal;Com Vitimas Feridas;Pleno dia;Nublado;4;0;2;2
terca-feira;SC;101;PALHOCA;Condutor deixou de manter distancia do veiculo da frente;Colisao traseira;Com Vitimas Feridas;Pleno dia;Ceu Claro;3;0;1;2
terca-feira;SC;470;NAVEGANTES;Manobra de mudanca de faixa;Colisao lateral mesmo sentido;Com Vitimas Feridas;Pleno dia;Ceu Claro;3;0;2;2
terca-feira;SC;280;JARAGUA DO SUL;Reacao tardia ou ineficiente do condutor;Colisao lateral mesmo sentido;Com Vitimas Feridas;Amanhecer;Nublado;3;0;1;3
terca-feira;SC;101;TUBARAO;Entrada inopinada do pedestre;Atropelamento de Pedestre;Com Vitimas Feridas;Pleno dia;Ceu Claro;2;0;1;1
terca-feira;SC;280;SAO BENTO DO SUL;Condutor deixou de manter distancia do veiculo da frente;Colisao traseira;Com Vitimas Feridas;Pleno dia;Ceu Claro;7;0;2;3
terca-feira;SC;101;BARRA VELHA;Reacao tardia ou ineficiente do condutor;Colisao frontal;Com Vitimas Feridas;Pleno dia;Sol;2;0;1;2
terca-feira;SC;101;SAO JOSE;Transitar na contramao;Colisao lateral sentido oposto;Com Vitimas Feridas;Pleno dia;Ceu Claro;2;0;1;2
terca-feira;SC;280;ARAQUARI;Reacao tardia ou ineficiente do condutor;Colisao transversal;Com Vitimas Feridas;Pleno dia;Ceu Claro;2;0;1;2
terca-feira;SC;101;SAO JOSE;Velocidade Incompativel;Colisao lateral mesmo sentido;Com Vitimas Feridas;Pleno dia;Ceu Claro;2;0;1;2
terca-feira;SC;470;AGRONOMICA;Retorno proibido;Colisao lateral mesmo sentido;Com Vitimas Feridas;Pleno dia;Sol;4;0;2;2
terca-feira;SC;470;POUSO REDONDO;Velocidade Incompativel;Colisao traseira;Com Vitimas Feridas;Pleno dia;Ceu Claro;3;0;2;2
terca-feira;SC;282;LAGES;Velocidade Incompativel;Colisao com objeto;Com Vitimas Feridas;Pleno dia;Ceu Claro;2;0;1;1
terca-feira;SC;101;IMBITUBA;Ingestao de alcool pelo condutor;Saida de leito carrocavel;Com Vitimas Feridas;Plena Noite;Nublado;1;0;1;1
terca-feira;SC;282;SAO MIGUEL DO OESTE;Ausencia de reacao do condutor;Saida de leito carrocavel;Com Vitimas Feridas;Pleno dia;Ceu Claro;1;0;1;1
terca-feira;SC;280;MAFRA;Ausencia de reacao do condutor;Colisao traseira;Com Vitimas Feridas;Pleno dia;Sol;2;0;1;2
terca-feira;SC;282;RANCHO QUEIMADO;Mal subito do condutor;Saida de leito carrocavel;Com Vitimas Feridas;Pleno dia;Chuva;1;0;1;1
terca-feira;SC;470;PONTE ALTA;Acessar a via sem observar a presenca dos outros veiculos;Colisao transversal;Com Vitimas Feridas;Pleno dia;Ceu Claro;2;0;1;2
terca-feira;SC;282;XAXIM;Acessar a via sem observar a presenca dos outros veiculos;Colisao transversal;Com Vitimas Fatais;Plena Noite;Ceu Claro;2;1;0;2
terca-feira;SC;116;SANTA CECILIA;Acessar a via sem observar a presenca dos outros veiculos;Colisao transversal;Sem Vitimas;Anoitecer;Ceu Claro;2;0;0;2
terca-feira;SC;282;SAUDADES;Ingestao de alcool pelo condutor;Saida de leito carrocavel;Com Vitimas Feridas;Plena Noite;Ceu Claro;1;0;1;1
quarta-feira;SC;282;FLORIANOPOLIS;Condutor deixou de manter distancia do veiculo da frente;Colisao traseira;Com Vitimas Feridas;Pleno dia;Ceu Claro;1;0;1;1
sexta-feira;SC;282;XANXERE;Acessar a via sem observar a presenca dos outros veiculos;Colisao transversal;Com Vitimas Feridas;Plena Noite;Ceu Claro;2;0;1;2
quarta-feira;SC;101;SAO JOSE;Acessar a via sem observar a presenca dos outros veiculos;Colisao transversal;Com Vitimas Feridas;Pleno dia;Nublado;2;0;1;2
quarta-feira;SC;101;PALHOCA;Acessar a via sem observar a presenca dos outros veiculos;Colisao lateral mesmo sentido;Sem Vitimas;Amanhecer;Ceu Claro;3;0;0;2
quarta-feira;SC;101;BIGUACU;Condutor deixou de manter distancia do veiculo da frente;Colisao traseira;Com Vitimas Feridas;Pleno dia;Ceu Claro;2;0;1;2
quarta-feira;SC;101;BALNEARIO CAMBORIU;Ausencia de reacao do condutor;Tombamento;Com Vitimas Feridas;Pleno dia;Nublado;1;0;1;1
quarta-feira;SC;101;SAO JOSE;Condutor deixou de manter distancia do veiculo da frente;Colisao traseira;Com Vitimas Feridas;Pleno dia;Ceu Claro;2;0;1;2
quarta-feira;SC;101;SANGAO;Manobra de mudanca de faixa;Colisao traseira;Sem Vitimas;Plena Noite;Nublado;2;0;0;2
quinta-feira;SC;101;TIJUCAS;Desrespeitar a preferencia no cruzamento;Colisao transversal;Com Vitimas Feridas;Plena Noite;Nublado;2;0;1;2
quinta-feira;SC;282;VARGEAO;Reacao tardia ou ineficiente do condutor;Colisao traseira;Sem Vitimas;Plena Noite;Ceu Claro;2;0;0;2
quinta-feira;SC;101;BARRA VELHA;Reacao tardia ou ineficiente do condutor;Colisao traseira;Com Vitimas Feridas;Plena Noite;Garoa/Chuvisco;2;0;1;2
quarta-feira;SC;101;BIGUACU;Condutor deixou de manter distancia do veiculo da frente;Colisao traseira;Com Vitimas Feridas;Pleno dia;Chuva;2;0;1;2
quinta-feira;SC;101;ITAPEMA;Reacao tardia ou ineficiente do condutor;Colisao traseira;Com Vitimas Feridas;Pleno dia;Garoa/Chuvisco;4;0;1;2
quinta-feira;SC;101;SAO JOSE;Manobra de mudanca de faixa;Queda de ocupante de veiculo;Com Vitimas Feridas;Pleno dia;Garoa/Chuvisco;1;0;1;1
quinta-feira;SC;470;SAO CRISTOVAO DO SUL;Neblina;Colisao traseira;Com Vitimas Feridas;Plena Noite;Nevoeiro/Neblina;25;0;2;2
quinta-feira;SC;101;SAO JOSE;Reacao tardia ou ineficiente do condutor;Tombamento;Com Vitimas Feridas;Pleno dia;Nublado;1;0;1;1
segunda-feira;SC;280;GUARAMIRIM;Condutor Dormindo;Colisao transversal;Com Vitimas Feridas;Pleno dia;Ceu Claro;2;0;2;2
quinta-feira;SC;101;JOINVILLE;Estacionar ou parar em local proibido;Colisao traseira;Com Vitimas Feridas;Pleno dia;Nublado;2;0;1;2
quinta-feira;SC;101;JOINVILLE;Reacao tardia ou ineficiente do condutor;Colisao lateral mesmo sentido;Sem Vitimas;Pleno dia;Nublado;3;0;0;2
quinta-feira;SC;282;SAO JOSE;Reacao tardia ou ineficiente do condutor;Colisao lateral mesmo sentido;Com Vitimas Feridas;Pleno dia;Nublado;2;0;1;2
quinta-feira;SC;470;RODEIO;Velocidade Incompativel;Tombamento;Com Vitimas Feridas;Pleno dia;Nublado;1;0;1;1
quinta-feira;SC;101;PALHOCA;Acessar a via sem observar a presenca dos outros veiculos;Colisao transversal;Com Vitimas Feridas;Pleno dia;Nublado;2;0;1;2
quinta-feira;SC;101;PALHOCA;Manobra de mudanca de faixa;Colisao transversal;Com Vitimas Feridas;Pleno dia;Nublado;2;0;1;2
quarta-feira;SC;470;BLUMENAU;Velocidade Incompativel;Engavetamento;Sem Vitimas;Pleno dia;Nublado;4;0;0;4
quinta-feira;SC;480;CHAPECO;Manobra de mudanca de faixa;Colisao lateral mesmo sentido;Sem Vitimas;Pleno dia;Nublado;2;0;0;2
quinta-feira;SC;101;PAULO LOPES;Demais falhas mecanicas ou eletricas;Incendio;Sem Vitimas;Pleno dia;Ceu Claro;2;0;0;1